"","Cover","response","SE","df","lower.CL","upper.CL",".group","Cropping.system","Year"
"2","No cover",10.444771075,0.88592951772067,3,7.62534795458808,13.2641941954119,"A","Corn-Corn-Corn","2021"
"1","Wheat",7.14228445,0.88592951772067,3,4.32286132958807,9.96170757041192,"C","Corn-Corn-Corn","2021"
"4","Clover",9.744257875,0.88592951772067,3,6.92483475458808,12.5636809954119,"AB","Corn-Corn-Corn","2021"
"3","Wheat-Clover",8.117259475,0.88592951772067,3,5.29783635458808,10.9366825954119,"BC","Corn-Corn-Corn","2021"
"5","SHM",9.11389015,0.88592951772067,3,6.29446702958808,11.9333132704119,"AB","Corn-Corn-Corn","2021"
