"","Cover","response","SE","df","lower.CL","upper.CL",".group","Cropping.system","Year"
"1","No cover",4.6059525,0.109687332147578,3,4.25687845507051,4.95502654492949,"A","Corn-Cotton-Soybean","2023"
"4","Wheat",4.425218125,0.109687332147578,3,4.07614408007051,4.77429216992949,"A","Corn-Cotton-Soybean","2023"
"5","Clover",4.5575325,0.109687332147578,3,4.20845845507051,4.90660654492949,"A","Corn-Cotton-Soybean","2023"
"2","Wheat-Clover",4.82888625,0.109687332147578,3,4.47981220507052,5.17796029492949,"A","Corn-Cotton-Soybean","2023"
"3","SHM",4.8009775,0.109687332147578,3,4.45190345507052,5.15005154492949,"A","Corn-Cotton-Soybean","2023"
