"","Cover","response","SE","df","lower.CL","upper.CL",".group","Cropping.system","Year"
"2","No cover",9.18733105,1.09938048106191,3,5.68861169994349,12.6860504000565,"A","Corn-Soybean-Corn","2021"
"1","Wheat",7.366216425,1.09938048106191,3,3.86749707494349,10.8649357750565,"B","Corn-Soybean-Corn","2021"
"4","Clover",9.224522275,1.09938048106191,3,5.72580292494349,12.7232416250565,"A","Corn-Soybean-Corn","2021"
"3","Wheat-Clover",7.315372725,1.09938048106191,3,3.81665337494349,10.8140920750565,"B","Corn-Soybean-Corn","2021"
"5","SHM",8.142053625,1.09938048106191,3,4.64333427494349,11.6407729750565,"AB","Corn-Soybean-Corn","2021"
