"","Cover","response","SE","df","lower.CL","upper.CL",".group","Cropping.system","Year"
"4","No cover",11.3036216,0.393398736208217,3,10.0516512454509,12.5555919545491,"A","Corn-Soybean-Corn","2023"
"5","Wheat",11.25811335,0.393398736208217,3,10.0061429954509,12.5100837045491,"A","Corn-Soybean-Corn","2023"
"3","Clover",11.463528175,0.393398736208217,3,10.2115578204509,12.7154985295491,"A","Corn-Soybean-Corn","2023"
"1","Wheat-Clover",11.583732725,0.393398736208217,3,10.3317623704509,12.8357030795491,"A","Corn-Soybean-Corn","2023"
"2","SHM",12.04775995,0.393398736208217,3,10.7957895954509,13.2997303045491,"A","Corn-Soybean-Corn","2023"
