"","Cover","response","SE","df","lower.CL","upper.CL",".group","Cropping.system","Year"
"2","No cover",10.168896925,0.932923150848389,3,7.19991909046891,13.1378747595311,"A","Corn-Corn-Corn","2023"
"1","Wheat",10.028919825,0.932923150848388,3,7.05994199046891,12.9978976595311,"A","Corn-Corn-Corn","2023"
"3","Clover",10.034255275,0.932923150848388,3,7.06527744046891,13.0032331095311,"A","Corn-Corn-Corn","2023"
"5","Wheat-Clover",9.785686075,0.932923150848388,3,6.81670824046891,12.7546639095311,"A","Corn-Corn-Corn","2023"
"4","SHM",10.186472525,0.932923150848388,3,7.21749469046891,13.1554503595311,"A","Corn-Corn-Corn","2023"
