"","Cover","response","SE","df","lower.CL","upper.CL",".group","Cropping.system","Year"
"4","No cover",3.38368375,0.217260591534316,3,2.69226358318786,4.07510391681214,"A","Corn-Soybean-Corn","2022"
"5","Wheat",3.31307125,0.217260591534316,3,2.62165108318786,4.00449141681214,"A","Corn-Soybean-Corn","2022"
"3","Clover",3.5568525,0.217260591534316,3,2.86543233318786,4.24827266681214,"A","Corn-Soybean-Corn","2022"
"1","Wheat-Clover",3.71926125,0.217260591534316,3,3.02784108318786,4.41068141681214,"A","Corn-Soybean-Corn","2022"
"2","SHM",3.721446875,0.217260591534316,3,3.03002670818786,4.41286704181214,"A","Corn-Soybean-Corn","2022"
