"","Cover","response","SE","df","lower.CL","upper.CL",".group","Cropping.system","Year"
"3","No cover",3.10392375,0.210947606179798,3,2.43259432010466,3.77525317989534,"A","Soybean-Soybean-Soybean","2022"
"2","Wheat",3.2138775,0.210947606179798,3,2.54254807010466,3.88520692989534,"A","Soybean-Soybean-Soybean","2022"
"1","Clover",3.60493625,0.210947606179798,3,2.93360682010466,4.27626567989534,"A","Soybean-Soybean-Soybean","2022"
"5","Wheat-Clover",3.14292875,0.210947606179798,3,2.47159932010466,3.81425817989534,"A","Soybean-Soybean-Soybean","2022"
"4","SHM",3.521714375,0.210947606179798,3,2.85038494510466,4.19304380489534,"A","Soybean-Soybean-Soybean","2022"
