"","Cover","response","SE","df","lower.CL","upper.CL",".group","Cropping.system","Year"
"1","No cover",4.37562125,0.207123603554892,3,3.71646150312969,5.03478099687032,"A","Soybean-Soybean-Soybean","2021"
"5","Wheat",4.32249375,0.207123603554892,3,3.66333400312969,4.98165349687032,"A","Soybean-Soybean-Soybean","2021"
"4","Clover",4.63251625,0.207123603554892,3,3.97335650312969,5.29167599687032,"A","Soybean-Soybean-Soybean","2021"
"3","Wheat-Clover",4.286683125,0.207123603554892,3,3.62752337812969,4.94584287187032,"A","Soybean-Soybean-Soybean","2021"
"2","SHM",4.545931875,0.207123603554892,3,3.88677212812969,5.20509162187032,"A","Soybean-Soybean-Soybean","2021"
