"","Cover","response","SE","df","lower.CL","upper.CL",".group","Cropping.system","Year"
"2","No cover",10.97125445,1.16040811994712,3,7.27831791605306,14.6641909839469,"A","Corn-Cotton-Soybean","2021"
"1","Wheat",8.27779375,1.16040811994712,3,4.58485721605306,11.9707302839469,"C","Corn-Cotton-Soybean","2021"
"4","Clover",10.75720875,1.16040811994712,3,7.06427221605306,14.4501452839469,"A","Corn-Cotton-Soybean","2021"
"3","Wheat-Clover",8.5787759,1.16040811994712,3,4.88583936605306,12.2717124339469,"BC","Corn-Cotton-Soybean","2021"
"5","SHM",10.133118025,1.16040811994712,3,6.44018149105306,13.8260545589469,"AB","Corn-Cotton-Soybean","2021"
