"","Cover","response","SE","df","lower.CL","upper.CL",".group","Cropping.system","Year"
"2","No cover",4.231201875,0.280653626625608,3,3.33803677788086,5.12436697211914,"A","Soybean-Soybean-Soybean","2023"
"1","Wheat",4.42000625,0.280653626625607,3,3.52684115288086,5.31317134711914,"A","Soybean-Soybean-Soybean","2023"
"5","Clover",4.082243125,0.280653626625607,3,3.18907802788086,4.97540822211914,"A","Soybean-Soybean-Soybean","2023"
"4","Wheat-Clover",4.3867175,0.280653626625607,3,3.49355240288086,5.27988259711914,"A","Soybean-Soybean-Soybean","2023"
"3","SHM",4.489441875,0.280653626625607,3,3.59627677788086,5.38260697211914,"A","Soybean-Soybean-Soybean","2023"
