"","Cropping.system","response","SE","df","lower.CL","upper.CL",".group"
"4","Corn-Corn-Corn",1.26032985538974,0.386074858233731,2,0.146541745106031,3.46883383044003,""
"3","Soybean-Soybean-Soybean",1.37371425334901,0.40306734136636,2,0.186813389129477,3.65533098233513,""
"2","Corn-Soybean-Corn",1.22179536627109,0.380126936326443,2,0.133599098418108,3.40470749889065,""
"1","Corn-Cotton-Soybean",1.31652945543997,0.394588749661676,2,0.166109026963019,3.56166574868349,""
