"","Cover","response","SE","df","lower.CL","upper.CL",".group"
"4","Wheat",1.3749006203072,0.40324135223957,2,0.187251047586694,3.65726605750959,"A"
"3","Clover",0.832179473568052,0.313716895156231,2,0.0297225504965113,2.72935226112148,"B"
"2","Wheat-Clover",1.70777136568638,0.449411593979849,2,0.321467276308875,4.18879131954578,"A"
"1","SHM",1.3359472896608,0.397488044009211,2,0.173052204302735,3.59355823950074,"A"
