"","YearN","response","SE","df","lower.CL","upper.CL",".group","Year"
"1",2,1.650909375,0.0782748656416116,3,1.40180381804227,1.90001493195772,"B","2021"
"3",3,2.032153125,0.0782748656416116,3,1.78304756804227,2.28125868195772,"A","2022"
"2",4,0.749706249999999,0.078274865641612,3,0.500600693042273,0.998811806957726,"C","2023"
