"","Cropping.system","response","SE","df","lower.CL","upper.CL",".group","minys"
"2","Corn-Corn-Corn",62.3242654695998,5.05393194678867,8,51.2147084667525,74.5234844034227,"",57.2703335228112
"1","Soybean-Soybean-Soybean",60.2277989967942,4.96820264210099,8,49.3159341250649,72.2293257994992,"",55.2595963546933
"4","Corn-Soybean-Corn",61.0598575050062,5.00240325790033,8,50.069125871817,73.1402510691709,"",56.0574542471059
"3","Corn-Cotton-Soybean",61.8263236934542,5.03370218110844,8,50.7634166139197,73.9788927039643,"",56.7926215123458
