"","Cover","response","SE","df","lower.CL","upper.CL",".group","minys"
"5","No cover",56.6738804612058,4.75437634012743,8,46.2404990072671,68.1677220085686,"B",51.9195041210783
"4","Wheat",60.2449697104418,4.90187775333442,8,49.4714493876994,72.0789501266084,"AB",55.3430919571074
"3","Clover",62.5288477187656,4.99392819874935,8,51.543058688249,74.5750968427063,"A",57.5349195200162
"2","Wheat-Clover",63.3801534666489,5.02780845928471,8,52.3162364152359,75.504530611486,"A",58.3523450073642
"1","SHM",64.1072296485351,5.05656490216745,8,52.9770001209208,76.2979192695735,"A",59.0506647463676
