"","Cropping.system","response","SE","df","lower.CL","upper.CL",".group"
"2","Corn-Corn-Corn",0.19826422115,0.00577525938132406,3,0.17988476826985,0.21664367403015,"A"
"1","Soybean-Soybean-Soybean",0.183515014566667,0.00577525938132406,3,0.165135561686517,0.201894467446816,"A"
"4","Corn-Soybean-Corn",0.196058823866667,0.00577525938132406,3,0.177679370986517,0.214438276746817,"A"
"3","Corn-Cotton-Soybean",0.184237818383333,0.00577525938132406,3,0.165858365503184,0.202617271263483,"A"
