"","Cover","response","SE","df","lower.CL","upper.CL",".group","minys"
"4","No cover",2.71070912512873,0.11344881933664,8,2.4613234605026,2.98536298823386,"",2.59726030579209
"5","Wheat",2.64513715302399,0.110704495813361,8,2.401784120115,2.91314714745172,"",2.53443265721063
"3","Clover",2.66427303479514,0.11150537229759,8,2.41915949776217,2.93422191075156,"",2.55276766249755
"1","Wheat-Clover",2.56457206024916,0.107332678981255,8,2.32863102851029,2.8244190563836,"",2.45723938126791
"2","SHM",2.70922431289436,0.113386676853935,8,2.45997525122665,2.9837277321867,"",2.59583763604042
