"","Cropping.system","response","SE","df","lower.CL","upper.CL",".group","minys"
"2","Corn-Corn-Corn",2.53591510601176,0.107546267792982,8,2.29965392777044,2.79644921665822,"B",2.42836883821878
"1","Soybean-Soybean-Soybean",2.8114729796881,0.119232471642868,8,2.54953916447477,3.10031727523771,"A",2.69224050804523
"4","Corn-Soybean-Corn",2.67890975052593,0.113610563989422,8,2.42932632694799,2.95413480348642,"AB",2.5652991865365
"3","Corn-Cotton-Soybean",2.61426171676246,0.110868889106484,8,2.37070129473995,2.88284497878063,"AB",2.50339282765597
