"","Cover","response","SE","df","lower.CL","upper.CL",".group"
"2","No cover",10.2011188583333,0.975230009808223,3,7.09750171681736,13.3047359998493,"A"
"1","Wheat",7.59543154166667,0.975230009808223,3,4.49181440015069,10.6990486831826,"C"
"4","Clover",9.90866296666667,0.975230009808223,3,6.80504582515069,13.0122801081826,"A"
"3","Wheat-Clover",8.0038027,0.975230009808223,3,4.90018555848403,11.107419841516,"BC"
"5","SHM",9.12968726666667,0.975230009808223,3,6.02607012515069,12.2333044081826,"AB"
