"","Cover","response","SE","df","lower.CL","upper.CL",".group"
"1","No cover",10.7362592625,0.638391106093976,3,8.70461384558525,12.7679046794148,"A"
"5","Wheat",10.6435165875,0.682377769260124,3,8.47188597691038,12.8151471980896,"A"
"4","Clover",10.748891725,0.632356262149849,3,8.7364518748982,12.7613315751018,"A"
"3","Wheat-Clover",10.6847094,0.640152003951512,3,8.64746002020455,12.7219587797955,"A"
"2","SHM",11.1171162375,0.634889590821362,3,9.09661420492747,13.1376182700725,"A"
