"","Cropping.system","response","SE","df","lower.CL","upper.CL",".group"
"2","Corn-Corn-Corn",10.040846125,0.610862617119812,3,8.09680864611112,11.9848836038889,"B"
"1","Corn-Soybean-Corn",11.53135116,0.610862617119812,3,9.58731368111112,13.4753886388889,"A"
