"","Cover","response","SE","df","lower.CL","upper.CL",".group"
"1","No cover",1.38431430225,0.160355153245423,3,0.873992637270903,1.8946359672291,"A"
"5","Wheat",1.24212253275,0.160355153245423,3,0.731800867770903,1.7524441977291,"A"
"4","Clover",1.436926546,0.160355153245423,3,0.926604881020903,1.9472482109791,"A"
"3","Wheat-Clover",1.3749127535,0.160355153245423,3,0.864591088520903,1.8852344184791,"A"
"2","SHM",1.43755144775,0.160355153245423,3,0.927229782770903,1.9478731127291,"A"
