"","Cover","response","SE","df","lower.CL","upper.CL",".group"
"4","No cover",50.5778103958333,3.69253263064087,3,38.8265235683108,62.3290972233559,"A"
"2","Wheat",52.8458165,3.69253262443929,3,41.0945296922136,64.5971033077864,"A"
"5","Clover",52.74566025,3.6925326226885,3,40.9943734477854,64.4969470522146,"A"
"1","Wheat-Clover",55.3899278125,3.69253263846754,3,43.6386409600695,67.1412146649305,"A"
"3","SHM",53.6232099791667,3.69253261377324,3,41.8719232053244,65.3744967530089,"A"
