"","Cover","response","SE","df","lower.CL","upper.CL",".group","minys"
"4","No cover",48.2923399725856,6.88248946287633,2,23.2190601917359,82.4449843415694,"",41.4098505097092
"5","Wheat",50.8388377018729,7.06161826630022,2,24.9948288859947,85.7622111058853,"",43.7772194355727
"3","Clover",51.1864020431944,7.08571584814076,2,25.2387097010296,86.2134589734934,"",44.1006861950537
"1","Wheat-Clover",53.7682538223798,7.26221992591642,2,27.0611257281617,89.5547465047321,"",46.5060338964634
"2","SHM",51.9234148814103,7.13654574768978,2,25.757019133198,87.1691752177567,"",44.7868691337205
