"","Cropping.system","response","SE","df","lower.CL","upper.CL",".group"
"3","Corn-Corn-Corn",53.5514659333333,4.54727229988478,3,39.0800160034461,68.0229158632206,"A"
"4","Soybean-Soybean-Soybean",48.5856040333333,4.54727229988479,3,34.114154103446,63.0570539632206,"A"
"1","Corn-Soybean-Corn",52.35686055,4.54727229988479,3,37.8854106201127,66.8283104798873,"A"
"2","Corn-Cotton-Soybean",57.6520094333333,4.54727229988479,3,43.180559503446,72.1234593632206,"A"
