"","YearN","response","SE","df","lower.CL","upper.CL",".group","Year"
"1",2,82.43476175,6.68553459366712,3,61.1584068835377,103.711116616462,"B","2021"
"3",3,69.0726199375,6.68553459366711,3,47.7962650710377,90.3489748039623,"C","2022"
"2",4,94.8763250000001,6.68553459366714,3,73.5999701335377,116.152679866462,"A","2023"
