"","Cropping.system","response","SE","df","lower.CL","upper.CL",".group","minys"
"2","Corn-Corn-Corn",87.9482428833333,8.23461292804376,2,52.5175630900556,123.378922676611,"",79.7136299552895
"1","Soybean-Soybean-Soybean",73.5574929333333,8.23461292804376,2,38.1268131400556,108.988172726611,"",65.3228800052895
"4","Corn-Soybean-Corn",83.0413017333333,8.23461292804376,2,47.6106219400556,118.471981526611,"",74.8066888052895
"3","Corn-Cotton-Soybean",83.9645713666666,8.23461292804376,2,48.5338915733889,119.395251159944,"",75.7299584386229
