"","Cover","response","SE","df","lower.CL","upper.CL",".group","minys"
"3","No cover",77.2353884374999,7.82892257627319,2,43.5502533437009,110.920523531299,"",69.4064658612268
"5","Wheat",82.4238902499999,7.82892257627319,2,48.7387551562009,116.109025343799,"",74.5949676737267
"1","Clover",84.5571152916666,7.82892257627319,2,50.8719801978676,118.242250385466,"",76.7281927153934
"4","Wheat-Clover",82.5609951874999,7.82892257627319,2,48.8758600937009,116.246130281299,"",74.7320726112268
"2","SHM",83.8621219791666,7.82892257627319,2,50.1769868853676,117.547257072966,"",76.0331994028934
