"","Cropping.system","response","SE","df","lower.CL","upper.CL",".group","minys"
"3","Corn-Corn-Corn",52.2419155109982,7.43770057608267,2,25.1409169325254,89.1446023060079,"",44.8042149349155
"4","Soybean-Soybean-Soybean",47.0329029788102,7.05716118990331,2,21.5692332290592,82.298260945098,"",39.9757417889069
"1","Corn-Soybean-Corn",49.86084770631,7.26622720306898,2,23.4976395043139,86.0257441248429,"",42.594620503241
"2","Corn-Cotton-Soybean",55.8120310168034,7.6876403563211,2,27.6356283606148,93.790121889529,"",48.1243906604823
