"","Cover","response","SE","df","lower.CL","upper.CL",".group","minys"
"5","No cover",0.200640198482225,0.00718841727966113,8,0.184406058820973,0.217559098765916,"B",0.193451781202564
"3","Wheat",0.204987621031152,0.00726587835659203,8,0.18857485580618,0.222085146878563,"A",0.19772174267456
"2","Clover",0.202634141959329,0.00722404788351835,8,0.186317837978243,0.219635206562855,"AB",0.195410094075811
"4","Wheat-Clover",0.204527463449771,0.00725771852856803,8,0.188133514821965,0.221606172700016,"AB",0.197269744921203
"1","SHM",0.20609531236614,0.00728548321618947,8,0.189637338253866,0.223238047100853,"A",0.198809829149951
