"","Cropping.system","response","SE","df","lower.CL","upper.CL",".group","minys"
"4","Corn-Corn-Corn",0.204063167419944,0.00750107771505496,8,0.187132209339531,0.22172724179834,"",0.196562089704889
"3","Soybean-Soybean-Soybean",0.201691453318924,0.00745735986372665,8,0.184861308784456,0.219254714151374,"",0.194234093455198
"2","Corn-Soybean-Corn",0.207100385318125,0.00755669348618679,8,0.190041177039499,0.224892709894733,"",0.199543691831938
"1","Corn-Cotton-Soybean",0.202256287556629,0.00746779468184547,8,0.185402080288429,0.219843611122811,"",0.194788492874784
