"","Cropping.system","response","SE","df","lower.CL","upper.CL",".group","minys"
"3","Corn-Corn-Corn",7.82325968890963,1.08376890371829,8,5.52367734104191,10.522028488202,"AB",6.73949078519134
"4","Soybean-Soybean-Soybean",8.46192680298849,1.12713891582958,8,6.0623330278483,11.2607070295534,"A",7.33478788715892
"1","Corn-Soybean-Corn",7.90054608605164,1.08919285287535,8,5.58848680518878,10.6118532507196,"AB",6.81135323317628
"2","Corn-Cotton-Soybean",7.27547364219183,1.04513754229434,8,5.06497537351629,9.88515836229204,"B",6.23033609989748
