"","Cover","response","SE","df","lower.CL","upper.CL",".group","minys"
"1","No cover",7.81284378295479,1.06244084737893,8,5.55492124401541,10.4549072189467,"AB",6.75040293557586
"5","Wheat",7.0470628839029,1.00903042744522,8,4.91230499419364,9.56596167066466,"C",6.03803245645767
"4","Clover",8.42493007202677,1.10327389330162,8,6.07284636033669,11.1611546807694,"A",7.32165617872515
"3","Wheat-Clover",7.63117066163162,1.05014682976023,8,5.40164617220642,10.2449320362037,"BC",6.58102383187139
"2","SHM",8.42597165702724,1.10334209078298,8,6.07373068166315,11.1623535294439,"A",7.32262956624427
