"","YearN","response","SE","df","lower.CL","upper.CL",".group","Year"
"1",2,12.5439125,0.479327193657301,3,11.0184794435233,14.0693455564767,"B","2021"
"3",3,11.12055125,0.479327193657304,3,9.59511819352329,12.6459843064767,"C","2022"
"2",4,14.35838125,0.479327193657303,3,12.8329481935233,15.8838143064767,"A","2023"
