"","Cover","response","SE","df","lower.CL","upper.CL",".group"
"3","No cover",11.9302833333333,0.536995176436916,3,10.2213250181265,13.6392416485402,"B"
"5","Wheat",11.8765104166667,0.490618514442092,3,10.3151433380766,13.4378774952567,"B"
"1","Clover",13.01590625,0.474638023044527,3,11.5053962272148,14.5264162727852,"AB"
"4","Wheat-Clover",12.77714375,0.437931932721524,3,11.3834488887446,14.1708386112554,"AB"
"2","SHM",13.7715645833333,0.538418564694113,3,12.0580764114264,15.4850527552403,"A"
