"","Cover","response","SE","df","lower.CL","upper.CL",".group","minys"
"5","No cover",5.60033001522172,2.03636704824607,2,0.265526077096967,17.7890865549126,"C",3.56396296697565
"4","Wheat",21.8403733225244,4.02141857613223,2,7.96458200924691,42.570117237368,"B",17.8189547463922
"3","Clover",25.5057473476427,4.34578541082728,2,10.2343181876244,47.6311291092271,"AB",21.1599619368154
"2","Wheat-Clover",31.6042463548572,4.83751105117364,2,14.2170925261148,55.8453527851657,"A",26.7667353036836
"1","SHM",33.4218462802709,4.97467221047688,2,15.4445356150368,58.2531095470711,"A",28.447174069794
