"","Cover","response","SE","df","lower.CL","upper.CL",".group","minys"
"4","No cover",0.126424339108807,0.0583692711041225,2,5.75512050743222e-06,0.502291162419786,"C",0.0680550680046842
"3","Wheat",0.605349583865742,0.127723863835858,2,0.18052227213958,1.27962513491458,"A",0.477625720029884
"2","Clover",0.417405333457444,0.106059095990514,2,0.0857939942404378,0.998464911997131,"B",0.31134623746693
"1","Wheat-Clover",0.724579953712433,0.139737214335721,2,0.248063366664596,1.45054478008295,"A",0.584842739376712
"5","SHM",0.576801270076263,0.124675761073424,2,0.165088886021442,1.23796189345376,"AB",0.452125509002838
