"","Cropping.system","response","SE","df","lower.CL","upper.CL",".group"
"2","Corn-Corn-Corn",25.3892682,2.03422531654999,3,18.9154553572309,31.8630810427691,"A"
"1","Soybean-Soybean-Soybean",27.4193624666667,2.03422531654999,3,20.9455496238976,33.8931753094358,"A"
"4","Corn-Soybean-Corn",25.0019417,2.03422531654999,3,18.5281288572309,31.4757545427691,"A"
"3","Corn-Cotton-Soybean",27.7232321333333,2.03422531654999,3,21.2494192905642,34.1970449761024,"A"
