"","Cropping.system","response","SE","df","lower.CL","upper.CL",".group","minys"
"3","Corn-Corn-Corn",0.448263686495354,0.108493658423011,2,0.102984340424091,1.03660541157264,"",0.339770028072343
"4","Soybean-Soybean-Soybean",0.497264138988712,0.114269715199638,2,0.127132426460305,1.11045823052314,"",0.382994423789073
"1","Corn-Soybean-Corn",0.466427449152886,0.110669927395961,2,0.111784373444492,1.0641329038673,"",0.355757521756925
"2","Corn-Cotton-Soybean",0.428562315857978,0.106082700004731,2,0.0936564866064397,1.00653052411554,"",0.322479615853247
