"","Cropping.system","response","SE","df","lower.CL","upper.CL",".group","minys"
"2","Corn-Corn-Corn",21.0059055555145,3.83784438188989,2,7.73822716479104,40.7640503769754,"",17.1680611736246
"1","Soybean-Soybean-Soybean",23.2742449619781,4.03974969721602,2,9.13783811511576,43.9011182395779,"",19.2344952647621
"4","Corn-Soybean-Corn",21.5822583466426,3.89013882519981,2,8.08957512666094,41.5654079973616,"",17.6921195214428
"3","Corn-Cotton-Soybean",22.4796068483486,3.97018745114155,2,8.64250218944605,42.8071779379885,"",18.509419397207
