"","YearN","response","SE","df","lower.CL","upper.CL",".group","Year"
"1",2,25.98102975,1.82268275526732,3,20.1804397497952,31.7816197502048,"B","2021"
"3",3,33.932387125,1.82268275526732,3,28.1317971247952,39.7329771252048,"A","2022"
"2",4,19.2369365,1.82268275526732,3,13.4363464997952,25.0375265002048,"C","2023"
