"","Cropping.system","response","SE","df","lower.CL","upper.CL",".group"
"2","Corn-Corn-Corn",22.2908677760995,0.529180789034364,3,20.60677832921,23.9749572229891,"A"
"1","Soybean-Soybean-Soybean",22.3177076038794,0.522670359755224,3,20.6543372485951,23.9810779591637,"A"
"4","Corn-Soybean-Corn",22.3188484056448,0.522670359755228,3,20.6554780503605,23.9822187609291,"A"
"3","Corn-Cotton-Soybean",20.1213829347248,0.535351193816838,3,18.4176565059332,21.8251093635164,"A"
