"","Cropping.system","response","SE","df","lower.CL","upper.CL",".group","minys"
"1","Corn-Corn-Corn",0.0219102333656185,0.00201557682568541,2,0.0140960584118247,0.0314407126739349,"B",0.0198946565399331
"2","Soybean-Soybean-Soybean",0.0219220445947638,0.00201491569275384,2,0.014109689335975,0.0314486543472596,"B",0.01990712890201
"3","Corn-Soybean-Corn",0.021838112904982,0.00201105479694948,2,0.0140423697400651,0.031348110563606,"B",0.0198270581080325
"4","Corn-Cotton-Soybean",0.0197376431753401,0.00191416911828254,2,0.0123608058439831,0.0288328158079441,"A",0.0178234740570575
