"","Cover","response","SE","df","lower.CL","upper.CL",".group","minys"
"1","No cover",0.0220446721182175,0.00204030556348663,2,0.0141399215670687,0.0316973741715862,"B",0.0200043665547309
"2","Wheat",0.0279892767647542,0.00229477932818725,2,0.0189864068657489,0.0387336839469439,"C",0.025694497436567
"3","Clover",0.0173663973995508,0.00180759011705532,2,0.0104597334897267,0.0260145985925592,"A",0.0155588072824954
"4","Wheat-Clover",0.0229031083812358,0.002077740509087,2,0.014835682634931,0.0327152743811994,"B",0.0208253678721488
"5","SHM",0.0173037348345195,0.00180432603784365,2,0.0104111151240257,0.0259378918281977,"A",0.0154994087966759
