"","Cover","response","SE","df","lower.CL","upper.CL",".group","minys"
"5","No cover",5.85082708333334,0.356168268704443,2,4.31835870974203,7.38329545692465,"B",5.49465881462889
"4","Wheat",5.93871078299034,0.356584917321281,2,4.40444971509044,7.47297185089024,"B",5.58212586566906
"3","Clover",6.07296108333334,0.356168268704443,2,4.54049270974202,7.60542945692465,"AB",5.71679281462889
"2","Wheat-Clover",6.25366460117216,0.356584917321281,2,4.71940353327226,7.78792566907206,"AB",5.89707968385088
"1","SHM",6.40831261491032,0.356576766705823,2,4.87408661627827,7.94253861354236,"A",6.05173584820449
