"","YearN","response","SE","df","lower.CL","upper.CL",".group","Year"
"1",2,5.81776895,0.103510266924854,3,5.48835308346606,6.14718481653393,"B","2021"
"3",3,6.78729351172615,0.105392864263032,3,6.451886380249,7.1227006432033,"A","2022"
"2",4,5.7084125,0.103510266924855,3,5.37899663346606,6.03782836653393,"B","2023"
