"","Cover","response","SE","df","lower.CL","upper.CL",".group"
"5","No cover",5.85082708333333,0.130817650508827,3,5.43450693480562,6.26714723186104,"B"
"4","Wheat",5.94738519678761,0.122799426643649,3,5.55658261517457,6.33818777840065,"AB"
"3","Clover",6.07296108333333,0.131964453656611,3,5.65299129536506,6.49293087130159,"AB"
"2","Wheat-Clover",6.24567461345428,0.104915843053247,3,5.91178557636375,6.57956365054481,"AB"
"1","SHM",6.40561029263502,0.142709742599789,3,5.95144419957033,6.85977638569971,"A"
