"","Cropping.system","response","SE","df","lower.CL","upper.CL",".group","minys"
"2","Corn-Corn-Corn",6.36842444066333,0.367430764238056,2,4.78749745992053,7.94935142140613,"",6.00099367642528
"1","Soybean-Soybean-Soybean",5.87633595859492,0.36709450882023,2,4.29685576814352,7.45581614904632,"",5.50924144977469
"4","Corn-Soybean-Corn",6.20953593333334,0.366840618328441,2,4.63114814549949,7.78792372116718,"",5.8426953150049
"3","Corn-Cotton-Soybean",5.9652846,0.366840618328441,2,4.38689681216616,7.54367238783385,"",5.59844398167156
