"","Cropping.system","response","SE","df","lower.CL","upper.CL",".group","minys"
"2","Corn-Corn-Corn",99.7357920785087,14.8386543562722,8,68.4527266173943,136.888723230252,"",84.8971377222364
"1","Soybean-Soybean-Soybean",97.0488845561228,14.6374111618862,8,66.2298867334444,133.737748069431,"",82.4114733942367
"4","Corn-Soybean-Corn",102.297058986918,15.0279787470157,8,70.5774106978547,139.886572966612,"",87.2690802399028
"3","Corn-Cotton-Soybean",89.856759012902,14.0845953197801,8,60.3125568081267,125.270826908307,"",75.772163693122
