"","Cover","response","SE","df","lower.CL","upper.CL",".group"
"4","No cover",94.5778604166667,13.0714701110225,3,52.9786086572168,136.177112176117,"A"
"2","Wheat",94.84169375,13.4378393544631,3,52.0764915453931,137.606895954607,"A"
"5","Clover",90.47990625,12.5677592777582,3,50.4836871708035,130.476125329197,"A"
"1","Wheat-Clover",98.9599708333334,12.9003513920328,3,57.905295208897,140.01464645777,"A"
"3","SHM",102.411408333333,12.8713878223577,3,61.4489077141973,143.373908952469,"A"
