"","Cropping.system","response","SE","df","lower.CL","upper.CL",".group"
"3","Corn-Corn-Corn",91.8518716666667,12.8702614460567,3,50.8929556796283,132.810787653705,"A"
"4","Soybean-Soybean-Soybean",91.9548566666667,12.8702614460567,3,50.9959406796283,132.913772653705,"A"
"1","Corn-Soybean-Corn",107.460431666667,12.8702614460567,3,66.5015156796282,148.419347653705,"A"
"2","Corn-Cotton-Soybean",93.7495116666667,12.8702614460567,3,52.7905956796283,134.708427653705,"A"
