"","Cover","response","SE","df","lower.CL","upper.CL",".group","minys"
"5","No cover",91.819178625798,14.0276244340269,8,62.3204355937534,127.015955497667,"",77.7915541917711
"4","Wheat",93.7393078547722,14.1735388802953,8,63.9040855062467,129.272564043122,"",79.5657689744769
"3","Clover",96.3396411373266,14.3687814857387,8,66.0541885332805,132.323127581197,"",81.9708596515879
"2","Wheat-Clover",101.764990928235,14.767828059308,8,70.559335275399,138.668680420896,"",86.9971628689269
"1","SHM",102.4594130263,14.818128613733,8,71.1377640869569,139.479095805468,"",87.641284412567
