"","YearN","response","SE","df","lower.CL","upper.CL",".group","Year"
"3",2,0.444791666666667,0.0290013910354762,3,0.352496296917727,0.537087036415606,"A","2021"
"2",3,0.47375,0.0290013910354762,3,0.381454630251061,0.566045369748939,"A","2022"
"1",4,0.49,0.0290013910354763,3,0.397704630251061,0.58229536974894,"A","2023"
