"","Cover","response","SE","df","lower.CL","upper.CL",".group"
"5","No cover",0.297222222222222,0.0329181936383001,3,0.192461838501401,0.401982605943044,"C"
"4","Wheat",0.313492063492063,0.0335128116518607,3,0.20683933987093,0.420144787113197,"BC"
"3","Clover",0.331944444444444,0.0351211719478196,3,0.220173200541872,0.443715688347017,"ABC"
"2","Wheat-Clover",0.36984126984127,0.0325839702397094,3,0.266144534140432,0.473538005542107,"AB"
"1","SHM",0.379365079365079,0.034681466567948,3,0.268993174224093,0.489736984506066,"A"
