"","Cover","response","SE","df","lower.CL","upper.CL",".group"
"5","No cover",0.418580333028787,0.0143607929232885,3,0.372877880649123,0.464282785408451,"B"
"4","Wheat",0.45287766705006,0.0156512945054108,3,0.403068262678409,0.502687071421712,"B"
"3","Clover",0.508278593916187,0.0182948587430946,3,0.450056188303539,0.566500999528836,"A"
"2","Wheat-Clover",0.521048857196057,0.0173230973315976,3,0.465919030097045,0.57617868429507,"A"
"1","SHM",0.543207848967555,0.0141840112508081,3,0.498067994768318,0.588347703166792,"A"
