"","YearN","response","SE","df","lower.CL","upper.CL",".group","Year"
"3",2,0.455103587191198,0.0159072611511604,3,0.404479582713504,0.505727591668891,"A","2021"
"2",3,0.436571172273178,0.0159072611511604,3,0.385947167795485,0.487195176750872,"AB","2022"
"1",4,0.421776588924035,0.0159072611511604,3,0.371152584446342,0.472400593401729,"B","2023"
