"","Cropping.system","response","SE","df","lower.CL","upper.CL",".group"
"4","Corn-Corn-Corn",0.449682032530337,0.0245087052783519,3,0.371684393969959,0.527679671090716,"A"
"3","Soybean-Soybean-Soybean",0.420725482590132,0.0245087052783518,3,0.342727844029754,0.49872312115051,"A"
"2","Corn-Soybean-Corn",0.45699379760206,0.0245087052783519,3,0.378996159041681,0.534991436162438,"A"
"1","Corn-Cotton-Soybean",0.423867151795353,0.0245087052783518,3,0.345869513234975,0.501864790355731,"A"
