"","Cropping.system","YearN","response","SE","df","lower.CL","upper.CL",".group"
"3","Corn-Corn-Corn",3,0.450131692892041,0.0350014848942891,3,0.338741346610767,0.561522039173315,"A"
"4","Soybean-Soybean-Soybean",3,0.376612946204643,0.0373051841265226,3,0.257891200813263,0.495334691596024,"A"
"1","Corn-Soybean-Corn",3,0.3758075760539,0.0356695312535641,3,0.262291208104793,0.489323944003007,"A"
"2","Corn-Cotton-Soybean",3,0.447350198254508,0.0408229430398641,3,0.317433374006485,0.57726702250253,"A"
"8","Corn-Corn-Corn",4,0.424295278790911,0.0350014848942891,3,0.312904932509637,0.535685625072185,"A"
"7","Soybean-Soybean-Soybean",4,0.503455901665207,0.0373051841265226,3,0.384734156273827,0.622177647056588,"A"
"6","Corn-Soybean-Corn",4,0.481599558032455,0.0356695312535641,3,0.368083190083348,0.595115925981561,"A"
"5","Corn-Cotton-Soybean",4,0.505242146090215,0.0408229430398641,3,0.375325321842192,0.635158970338237,"A"
