"","YearN","response","SE","df","lower.CL","upper.CL",".group","Year"
"2",3,0.412475603351273,0.0247872164995149,3,0.333591617784124,0.491359588918422,"B","2022"
"1",4,0.478648221144697,0.0247872164995149,3,0.399764235577548,0.557532206711846,"A","2023"
