"","Cover","response","SE","df","lower.CL","upper.CL",".group"
"5","No cover",0.421696658713685,0.0114690913494549,3,0.385196891323651,0.458196426103719,"C"
"4","Wheat",0.457667932207902,0.0132207290758457,3,0.41559367180732,0.499742192608484,"B"
"3","Clover",0.508289545544406,0.0161045984829894,3,0.457037525604138,0.559541565484673,"A"
"2","Wheat-Clover",0.524752887797973,0.0151610942653218,3,0.476503519369242,0.573002256226704,"A"
"1","SHM",0.543099345010739,0.0118349234441447,3,0.505435336622605,0.580763353398873,"A"
