"","Cover","response","SE","df","lower.CL","upper.CL",".group"
"5","No cover",0.415389941266919,0.0162984069242073,3,0.363521136368965,0.467258746164873,"B"
"4","Wheat",0.429769896618975,0.0165322486064459,3,0.377156903123359,0.48238289011459,"AB"
"3","Clover",0.432116754956112,0.0175283549606192,3,0.376333706473988,0.487899803438236,"AB"
"2","Wheat-Clover",0.453558015327994,0.0160986986327884,3,0.402324771344201,0.504791259311787,"A"
"1","SHM",0.458250972477352,0.0167607822054152,3,0.404910683074064,0.511591261880641,"A"
