"","Cropping.system","response","SE","df","lower.CL","upper.CL",".group"
"4","Corn-Corn-Corn",0.371825396825397,0.0474708031666936,3,0.220752114678703,0.522898678972091,"A"
"3","Soybean-Soybean-Soybean",0.282380952380952,0.0474708031666935,3,0.131307670234258,0.433454234527646,"A"
"2","Corn-Soybean-Corn",0.388174603174603,0.0474708031666935,3,0.237101321027909,0.539247885321297,"A"
"1","Corn-Cotton-Soybean",0.311111111111111,0.0474708031666935,3,0.160037828964417,0.462184393257805,"A"
