"","YearN","response","SE","df","lower.CL","upper.CL",".group","Year"
"3",2,0.37,0.0321868416588948,3,0.267567104683898,0.472432895316101,"A","2021"
"2",3,0.347321428571429,0.0321868416588949,3,0.244888533255327,0.44975432388753,"A","2022"
"1",4,0.297797619047619,0.0321868416588948,3,0.195364723731518,0.400230514363721,"B","2023"
