"","Cropping.system","response","SE","df","lower.CL","upper.CL",".group"
"2","Corn-Corn-Corn",0.484105350377024,0.0128130677594771,3,0.443328450226527,0.524882250527522,"A"
"1","Soybean-Soybean-Soybean",0.488740931891924,0.0128130677594771,3,0.447964031741427,0.529517832042422,"A"
"4","Corn-Soybean-Corn",0.474853527290333,0.0128130677594771,3,0.434076627139835,0.51563042744083,"A"
"3","Corn-Cotton-Soybean",0.516705285860483,0.0128130677594771,3,0.475928385709985,0.55748218601098,"A"
