"","Cropping.system","response","SE","df","lower.CL","upper.CL",".group"
"2","Corn-Corn-Corn",0.479103312457366,0.0153356512408466,3,0.430298425826814,0.527908199087918,"A"
"1","Soybean-Soybean-Soybean",0.483125680631575,0.0153356512408466,3,0.434320794001023,0.531930567262127,"A"
"4","Corn-Soybean-Corn",0.479011916466606,0.0153356512408466,3,0.430207029836055,0.527816803097158,"A"
"3","Corn-Cotton-Soybean",0.51395373057137,0.0153356512408466,3,0.465148843940819,0.562758617201922,"A"
