"","Cropping.system","response","SE","df","lower.CL","upper.CL",".group"
"2","Corn-Corn-Corn",0.437213485841476,0.033991435441178,3,0.329037567710409,0.545389403972543,"A"
"1","Soybean-Soybean-Soybean",0.440034423934925,0.0351952282604627,3,0.328027499793799,0.552041348076052,"A"
"4","Corn-Soybean-Corn",0.428703567043177,0.0343369107648561,3,0.319428192244705,0.53797894184165,"A"
"3","Corn-Cotton-Soybean",0.476296172172361,0.0370961190715039,3,0.358239765092889,0.594352579251833,"A"
