"","YearN","response","SE","df","lower.CL","upper.CL",".group","Year"
"3",2,0.49931164470499,0.0118839137805782,3,0.461491727201679,0.537131562208301,"A","2021"
"2",3,0.489911084768206,0.0118839137805782,3,0.452091167264895,0.527731002271517,"A","2022"
"1",4,0.484081092091627,0.0118839137805781,3,0.446261174588316,0.521901009594938,"A","2023"
