"","Cropping.system","response","SE","df","lower.CL","upper.CL",".group","minys"
"2","Corn-Corn-Corn",23.7636778373046,2.41142933815297,8,18.8056154815125,30.028923270837,"A",21.3522484991516
"1","Soybean-Soybean-Soybean",20.5419896966504,2.08450716078876,8,16.2561015220452,25.9578435903003,"B",18.4574825358616
"4","Corn-Soybean-Corn",21.8408960233312,2.21631423396637,8,17.2840035620113,27.5992039338862,"AB",19.6245817893648
"3","Corn-Cotton-Soybean",22.8723513357074,2.32098160146253,8,18.1002556642199,28.9026003460366,"AB",20.5513697342448
