"","Cover","response","SE","df","lower.CL","upper.CL",".group"
"5","No cover",0.1879720758125,0.0031826816522398,3,0.177843362347435,0.198100789277565,"A"
"2","Wheat",0.190829080791667,0.00311998577323403,3,0.1808998935951,0.200758267988233,"A"
"4","Clover",0.188750197708333,0.00321500507752766,3,0.178518616677887,0.19898177873878,"A"
"3","Wheat-Clover",0.191555378770833,0.0034528985207014,3,0.180566714631108,0.202544042910559,"A"
"1","SHM",0.193488114375,0.00320744958090527,3,0.183280578306864,0.203695650443136,"A"
