"","Cover","response","SE","df","lower.CL","upper.CL",".group","minys"
"4","No cover",19.8767114150317,1.99379492513446,8,15.7720265470333,25.0496444130552,"B",17.8829164898972
"5","Wheat",22.0291716892114,2.20970410053093,8,17.4799881849994,27.7622845151122,"AB",19.8194675886805
"3","Clover",22.6316715003189,2.27013970482672,8,17.9580674213958,28.5215854735073,"A",20.3615317954922
"1","Wheat-Clover",23.8801447807142,2.39537167296485,8,18.9487219270886,30.0949751092521,"A",21.4847731077493
"2","SHM",22.8994735726811,2.29700241876704,8,18.1705664262087,28.8590832892012,"A",20.602471153914
