"","Cover","response","SE","df","lower.CL","upper.CL",".group","minys"
"4","No cover",9.439375,0.295342448178894,2,8.1686190091322,10.7101309908678,"C",9.14403255182111
"5","Wheat",9.634375,0.295342448178894,2,8.36361900913219,10.9051309908678,"C",9.33903255182111
"3","Clover",9.696875,0.295342448178894,2,8.42611900913219,10.9676309908678,"BC",9.40153255182111
"1","Wheat-Clover",10.15125,0.295342448178894,2,8.88049400913219,11.4220059908678,"A",9.85590755182111
"2","SHM",10.1189583333333,0.295342448178894,2,8.84820234246553,11.3897143242011,"AB",9.82361588515444
