"","Cropping.system","response","SE","df","lower.CL","upper.CL",".group","minys"
"4","Corn-Corn-Corn",10.0366666666667,0.345619040801274,2,8.54958795730967,11.5237453760237,"",9.69104762586539
"3","Soybean-Soybean-Soybean",9.531,0.345619040801274,2,8.04392129064301,11.018078709357,"",9.18538095919873
"2","Corn-Soybean-Corn",10.0481666666667,0.345619040801274,2,8.56108795730967,11.5352453760237,"",9.70254762586539
"1","Corn-Cotton-Soybean",9.61683333333333,0.345619040801274,2,8.12975462397634,11.1039120426903,"",9.27121429253206
