"","Cover","response","SE","df","lower.CL","upper.CL",".group"
"4","No cover",9.439375,0.205485981694912,3,8.78542689676744,10.0933231032326,"C"
"5","Wheat",9.63437500000001,0.203960076501437,3,8.98528300811262,10.2834669918874,"BC"
"3","Clover",9.696875,0.201667740298304,3,9.05507824499275,10.3386717550073,"ABC"
"1","Wheat-Clover",10.15125,0.212080540614835,3,9.47631506709775,10.8261849329023,"A"
"2","SHM",10.1189583333333,0.224699480992137,3,9.40386430025074,10.8340523664159,"AB"
