"","YearN","response","SE","df","lower.CL","upper.CL",".group","Year"
"2",2,9.52825,0.192042728717616,3,8.91708432753602,10.139415672464,"B","2021"
"1",3,10.361375,0.192042728717616,3,9.75020932753602,10.972540672464,"A","2022"
"3",4,9.534875,0.192042728717616,3,8.92370932753603,10.146040672464,"B","2023"
