"","Cropping.system","response","SE","df","lower.CL","upper.CL",".group"
"4","Corn-Corn-Corn",10.0366666666667,0.345070425565406,3,8.93849856576337,11.13483476757,"A"
"3","Soybean-Soybean-Soybean",9.531,0.345070425565406,3,8.4328318990967,10.6291681009033,"A"
"2","Corn-Soybean-Corn",10.0481666666667,0.345070425565406,3,8.94999856576337,11.14633476757,"A"
"1","Corn-Cotton-Soybean",9.61683333333334,0.345070425565406,3,8.51866523243003,10.7150014342366,"A"
