"","Cover","response","SE","df","lower.CL","upper.CL",".group","minys"
"4","No cover",132.984454722222,8.60246735509512,8,113.147129428414,152.82178001603,"",124.381987367127
"2","Wheat",136.131557916666,8.60246735509512,8,116.294232622858,155.968883210475,"",127.529090561571
"5","Clover",135.787751041666,8.60246735509512,8,115.950425747858,155.625076335475,"",127.185283686571
"1","Wheat-Clover",142.303134222222,8.60246735509512,8,122.465808928414,162.14045951603,"",133.700666867127
"3","SHM",141.8733381875,8.60246735509512,8,122.036012893692,161.710663481308,"",133.270870832405
