"","Cover","response","SE","df","lower.CL","upper.CL",".group"
"4","No cover",124.639601958333,9.64215621552438,3,93.9539575352693,155.325246381397,"A"
"3","Wheat",126.9938156875,9.64215621891371,3,96.3081712536496,157.67946012135,"A"
"2","Clover",125.2169980625,9.64215622667019,3,94.531353603965,155.902642521035,"A"
"1","Wheat-Clover",127.221388520833,9.64215620665177,3,96.5357441260059,157.907032915661,"A"
"5","SHM",126.902871020833,9.64215617869899,3,96.2172267149641,157.588515326702,"A"
