"","Cropping.system","response","SE","df","lower.CL","upper.CL",".group"
"2","Corn-Corn-Corn",137.6729392,10.1510198906931,3,105.367863454002,169.978014945997,"A"
"1","Soybean-Soybean-Soybean",116.3058139,10.1510198906931,3,84.0007381540023,148.610889645998,"A"
"4","Corn-Soybean-Corn",124.326354566667,10.1510198906931,3,92.0212788206689,156.631430312664,"A"
"3","Corn-Cotton-Soybean",126.474632533333,10.1510198906931,3,94.1695567873356,158.779708279331,"A"
