"","Cropping.system","response","SE","df","lower.CL","upper.CL",".group","minys"
"2","Corn-Corn-Corn",143.225872472222,9.1236797172813,8,122.186629315893,164.265115628551,"",134.102192754941
"1","Soybean-Soybean-Soybean",134.738772305555,9.12367971728131,8,113.699529149226,155.778015461885,"",125.615092588274
"4","Corn-Soybean-Corn",134.983257105555,9.12367971728131,8,113.944013949226,156.022500261884,"",125.859577388274
"3","Corn-Cotton-Soybean",138.316286988889,9.12367971728131,8,117.27704383256,159.355530145218,"",129.192607271607
