"","Cover","response","SE","df","lower.CL","upper.CL",".group","minys"
"4","No cover",2.90694475469667,0.448279950637179,2,1.29809615626282,5.15568206286484,"B",2.45866480405949
"3","Wheat",3.22449631766956,0.472130295475565,2,1.51302796791136,5.57585337716208,"AB",2.75236602219399
"2","Clover",3.03568750786227,0.458099120568645,2,1.38459043111892,5.32667329433994,"AB",2.57758838729362
"1","Wheat-Clover",3.32602587419034,0.479505660156158,2,1.58282389145629,5.70911656665871,"A",2.84652021403418
"5","SHM",3.11267986781221,0.463871995766577,2,1.43674411383998,5.42850433151876,"AB",2.64880787204563
