"","Cover","response","SE","df","lower.CL","upper.CL",".group"
"4","No cover",2.99887671666666,0.164102401585448,3,2.47662963505287,3.52112379828045,"B"
"3","Wheat",3.32221133333333,0.170182959526531,3,2.78061320256587,3.86380946410078,"AB"
"2","Clover",3.15381911666666,0.16764535181889,3,2.62029678617265,3.68734144716067,"AB"
"1","Wheat-Clover",3.404836625,0.156708795259588,3,2.90611929852066,3.90355395147933,"A"
"5","SHM",3.23977842499999,0.170644477467354,3,2.69671153816695,3.78284531183304,"AB"
