"","Cropping.system","response","SE","df","lower.CL","upper.CL",".group","minys"
"2","Corn-Corn-Corn",3.22910695439943,0.488245689500724,2,1.47002542933378,5.67152872677118,"",2.7408612648987
"1","Soybean-Soybean-Soybean",3.01277486827765,0.471607325917422,2,1.32528244370227,5.38360754015915,"",2.54116754236023
"4","Corn-Soybean-Corn",3.34431738100364,0.496879347349751,2,1.54808822442615,5.82388678488723,"",2.84743803365389
"3","Corn-Cotton-Soybean",2.90140350519293,0.462808438028838,2,1.25176963961012,5.23437761808185,"",2.43859506716409
