"","Cover","response","SE","df","lower.CL","upper.CL",".group"
"5","No cover",3.24380375,0.190839401632549,3,2.63646760137194,3.85113989862806,"A"
"3","Wheat",3.263474375,0.172772906909169,3,2.71363387575379,3.81331487424621,"A"
"2","Clover",3.580894375,0.174208862362585,3,3.02648402462652,4.13530472537349,"A"
"4","Wheat-Clover",3.431095,0.185195959238269,3,2.8417188037687,4.0204711962313,"A"
"1","SHM",3.621580625,0.114206206780628,3,3.25812550419052,3.98503574580948,"A"
