"","Cropping.system","response","SE","df","lower.CL","upper.CL",".group"
"2","Soybean-Soybean-Soybean",3.317476125,0.133157891003229,3,2.8937082867574,3.7412439632426,"A"
"1","Corn-Soybean-Corn",3.538863125,0.133157891003229,3,3.1150952867574,3.9626309632426,"A"
