"","YearN","response","SE","df","lower.CL","upper.CL",".group","Year"
"2",3,0.338106746194981,0.0245038346624515,3,0.26012460810818,0.416088884281783,"B","2022"
"1",4,0.532384935326112,0.0245038346624514,3,0.45440279723931,0.610367073412913,"A","2023"
