"","Cover","response","SE","df","lower.CL","upper.CL",".group","minys"
"1","No cover",1.48699132798167,0.0631924935773527,1,0.866564066366878,2.55162116144861,"",1.42379883440431
"5","Wheat",1.4856044299278,0.0631335547357387,1,0.865755832993503,2.54924129657891,"",1.42247087519206
"4","Clover",1.52375845748834,0.0647549819062938,1,0.887990602389239,2.61471217208838,"",1.45900347558204
"3","Wheat-Clover",1.48176547356429,0.0629704110638291,1,0.86351862987445,2.54265379192392,"",1.41879506250047
"2","SHM",1.49021071625257,0.0633293075377327,1,0.868440207900959,2.55714551057181,"",1.42688140871483
