"","Cropping.system","response","SE","df","lower.CL","upper.CL",".group","minys"
"2","Corn-Corn-Corn",2.789,0.246431871556739,1,-0.34221381351863,5.92021381351863,"A",2.54256812844326
"1","Soybean-Soybean-Soybean",1.4140625,0.246431871556739,1,-1.71715131351863,4.54527631351863,"B",1.16763062844326
"4","Corn-Soybean-Corn",2.2404375,0.246431871556739,1,-0.890776313518632,5.37165131351864,"A",1.99400562844326
"3","Corn-Cotton-Soybean",1.460125,0.246431871556739,1,-1.67108881351863,4.59133881351863,"B",1.21369312844326
