"","Cropping.system","YearN","response","SE","df","lower.CL","upper.CL",".group"
"3","Corn-Corn-Corn",3,0.324444444444445,0.0584403916584542,3,0.138461035931665,0.510427852957226,"B"
"4","Soybean-Soybean-Soybean",3,0.17248201438849,0.0582286791376225,3,-0.0128276303945875,0.357791659171567,"B"
"1","Corn-Soybean-Corn",3,0.17679856115108,0.0570877974281455,3,-0.00488028885090666,0.358477411153066,"B"
"2","Corn-Cotton-Soybean",3,0.67904411764706,0.0674406977850914,3,0.46441771815514,0.893670517138979,"A"
"6","Corn-Corn-Corn",4,0.569444444444445,0.0584403916584542,3,0.383461035931665,0.755427852957226,"A"
"5","Soybean-Soybean-Soybean",4,0.58884892086331,0.0582286791376224,3,0.403539276080233,0.774158565646387,"A"
"8","Corn-Soybean-Corn",4,0.617222222222223,0.0570877974281455,3,0.435543372220236,0.798901072224209,"A"
"7","Corn-Cotton-Soybean",4,0.559352517985612,0.0674406977850915,3,0.344726118493693,0.773978917477532,"A"
