"","Cropping.system","response","SE","df","lower.CL","upper.CL",".group","minys"
"2","Corn-Corn-Corn",4.64440613121126,0.692584642726504,1,0.69829384370093,30.8903028520342,"A",3.95182148848476
"1","Soybean-Soybean-Soybean",4.71196473906818,0.702855524292713,1,0.708076313839992,31.3562412246417,"A",4.00910921477547
"4","Corn-Soybean-Corn",4.75517155765097,0.709102240699183,1,0.714947601618,31.6270122335122,"A",4.04606931695178
"3","Corn-Cotton-Soybean",2.82411071607286,0.421255660414511,1,0.42438473470163,18.793327573964,"B",2.40285505565835
