"","Cover","response","SE","df","lower.CL","upper.CL",".group","minys"
"5","No cover",2.27708333333333,0.070126079489504,1,1.38604700999444,3.16811965667223,"B",2.20695725384383
"2","Wheat",2.31333333333333,0.070126079489504,1,1.42229700999444,3.20436965667223,"B",2.24320725384383
"4","Clover",2.33114583333333,0.070126079489504,1,1.44010950999444,3.22218215667223,"AB",2.26101975384383
"3","Wheat-Clover",2.29020833333333,0.070126079489504,1,1.39917200999444,3.18124465667223,"B",2.22008225384383
"1","SHM",2.42760416666667,0.070126079489504,1,1.53656784332777,3.31864049000557,"A",2.35747808717716
