"","Cropping.system","response","SE","df","lower.CL","upper.CL",".group","minys"
"4","Corn-Corn-Corn",1.708,0.110580797309244,1,0.302937749499306,3.1130622505007,"C",1.59741920269076
"3","Soybean-Soybean-Soybean",2.60583333333333,0.110580797309244,1,1.20077108283264,4.01089558383403,"A",2.49525253602409
"2","Corn-Soybean-Corn",2.14933333333333,0.110580797309244,1,0.74427108283264,3.55439558383403,"B",2.03875253602409
"1","Corn-Cotton-Soybean",2.84833333333333,0.110580797309244,1,1.44327108283264,4.25339558383403,"A",2.73775253602409
