"","Cropping.system","response","SE","df","lower.CL","upper.CL",".group"
"3","Corn-Corn-Corn",0.446944444444445,0.0536229573225238,3,0.276292262034994,0.617596626853897,"A"
"4","Soybean-Soybean-Soybean",0.3806654676259,0.053507676089254,3,0.210380161551336,0.550950773700464,"A"
"1","Corn-Soybean-Corn",0.397010391686651,0.0528894145459649,3,0.228692669776227,0.565328113597076,"A"
"2","Corn-Cotton-Soybean",0.619198317816336,0.0586677570926864,3,0.432491331017434,0.805905304615238,"A"
