"","Cropping.system","response","SE","df","lower.CL","upper.CL",".group","minys"
"2","Corn-Corn-Corn",1.88518821360517,0.176425355465569,1,0.574024834779671,6.1912558227206,"B",1.7087628581396
"1","Soybean-Soybean-Soybean",2.85545462349752,0.267608617752262,1,0.8679909269892,9.39367089369911,"A",2.58784600574526
"4","Corn-Soybean-Corn",2.24536653832387,0.210132647135916,1,0.683696273337248,7.37413832433984,"AB",2.03523389118796
"3","Corn-Cotton-Soybean",2.20103474530087,0.205983855897957,1,0.67019759454122,7.22854571469775,"AB",1.99505088940292
