"","YearN","response","SE","df","lower.CL","upper.CL",".group","Year"
"2",3,0.609359903381644,0.0376613241400468,3,0.48950476152006,0.729215045243228,"A","2022"
"1",4,0.641925465838511,0.0376613241400467,3,0.522070323976927,0.761780607700094,"A","2023"
