"","Cropping.system","response","SE","df","lower.CL","upper.CL",".group","minys"
"2","Corn-Corn-Corn",49.825,19.705384998919,1,-200.555656201411,300.205656201411,"B",30.119615001081
"1","Soybean-Soybean-Soybean",104.125,19.705384998919,1,-146.255656201411,354.505656201411,"AB",84.419615001081
"4","Corn-Soybean-Corn",45.025,19.705384998919,1,-205.355656201411,295.405656201411,"B",25.319615001081
"3","Corn-Cotton-Soybean",176.494100107495,19.7425245803688,1,-74.3584592196321,427.346659434623,"A",156.751575527127
