"","Cover","response","SE","df","lower.CL","upper.CL",".group"
"5","No cover",0.260829023431792,0.0358668800064658,3,0.146684603673161,0.374973443190423,"A"
"4","Wheat",0.216652904703841,0.0354973506110536,3,0.103684492404333,0.329621317003349,"A"
"3","Clover",0.257497454495173,0.0354973506110536,3,0.144529042195665,0.370465866794681,"A"
"2","Wheat-Clover",0.265045114022801,0.0363243927100994,3,0.149444684650871,0.380645543394732,"A"
"1","SHM",0.217191271118262,0.0354973506110536,3,0.104222858818754,0.33015968341777,"A"
