"","Cropping.system","response","SE","df","lower.CL","upper.CL",".group","minys"
"2","Corn-Corn-Corn",1.2021984976893,0.0671705753991772,1,0.591092191369938,2.44510289418099,"C",1.13502792229013
"1","Soybean-Soybean-Soybean",1.76841248205872,0.0988067146908631,1,0.869486038516232,3.59670261300313,"A",1.66960576736785
"4","Corn-Soybean-Corn",1.42074601906357,0.0793815062820468,1,0.698546770273406,2.88959785741327,"BC",1.34136451278153
"3","Corn-Cotton-Soybean",1.6475845954223,0.0920556842368789,1,0.810077862222725,3.35095566199603,"AB",1.55552891118543
