"","Cover","response","SE","df","lower.CL","upper.CL",".group"
"4","No cover",0.467832305802118,0.0401907439980644,3,0.339927421058874,0.595737190545361,"A"
"3","Wheat",0.472064205308599,0.0401907439980644,3,0.344159320565356,0.599969090051843,"A"
"2","Clover",0.404315343302006,0.0401907439980645,3,0.276410458558762,0.532220228045249,"A"
"1","Wheat-Clover",0.422201832491025,0.0401907439980644,3,0.294296947747781,0.550106717234269,"A"
"5","SHM",0.435909077112094,0.0401907439980644,3,0.30800419236885,0.563813961855337,"A"
