"","Cover","response","SE","df","lower.CL","upper.CL",".group"
"5","No cover",0.296134591981875,0.0600493494006624,3,0.105030761847047,0.487238422116704,"B"
"4","Wheat",0.343819583077396,0.059913104895153,3,0.153149343765741,0.534489822389051,"AB"
"3","Clover",0.371483255272318,0.059913104895153,3,0.180813015960663,0.562153494583973,"AB"
"2","Wheat-Clover",0.396455415580133,0.0600493494006624,3,0.205351585445304,0.587559245714961,"A"
"1","SHM",0.413926533067159,0.059913104895153,3,0.223256293755504,0.604596772378814,"A"
