"","Cropping.system","response","SE","df","lower.CL","upper.CL",".group","minys"
"2","Corn-Corn-Corn",1.4235,0.231731855662599,1,-1.52093240194267,4.36793240194267,"B",1.1917681443374
"1","Soybean-Soybean-Soybean",2.446875,0.231731855662599,1,-0.497557401942669,5.39130740194267,"A",2.2151431443374
"4","Corn-Soybean-Corn",1.558,0.231731855662599,1,-1.38643240194267,4.50243240194267,"AB",1.3262681443374
"3","Corn-Cotton-Soybean",2.03725,0.231731855662599,1,-0.90718240194267,4.98168240194267,"AB",1.8055181443374
