"","Cover","response","SE","df","lower.CL","upper.CL",".group","minys"
"2","No cover",2.01390625,0.206690330424941,1,-0.612343405366893,4.6401559053669,"",1.80721591957506
"1","Wheat",1.933515625,0.206690330424941,1,-0.692734030366893,4.5597652803669,"",1.72682529457506
"3","Clover",1.98703125,0.206690330424941,1,-0.639218405366893,4.6132809053669,"",1.78034091957506
"5","Wheat-Clover",1.947109375,0.206690330424941,1,-0.679140280366893,4.5733590303669,"",1.74041904457506
"4","SHM",1.99796875,0.206690330424941,1,-0.628280905366893,4.6242184053669,"",1.79127841957506
