"","Cover","response","SE","df","lower.CL","upper.CL",".group","minys"
"3","No cover",1.41204861111111,0.0645554137237203,1,0.591794307509057,2.23230291471316,"",1.34749319738739
"2","Wheat",1.41590277777778,0.0645554137237205,1,0.595648474175722,2.23615708137983,"",1.35134736405406
"1","Clover",1.44246527777778,0.0645554137237204,1,0.622210974175723,2.26271958137983,"",1.37790986405406
"5","Wheat-Clover",1.3965625,0.0645554137237204,1,0.576308196397945,2.21681680360205,"",1.33200708627628
"4","SHM",1.463125,0.0645554137237204,1,0.642870696397945,2.28337930360205,"",1.39856958627628
