"","Cover","response","SE","df","lower.CL","upper.CL",".group","minys"
"4","No cover",1.46166666666667,0.0316521804085827,1,1.05948758204888,1.86384575128445,"",1.43001448625808
"5","Wheat",1.43,0.0316521804085827,1,1.02782091538221,1.83217908461779,"",1.39834781959142
"3","Clover",1.44041666666667,0.0316521804085827,1,1.03823758204888,1.84259575128445,"",1.40876448625808
"1","Wheat-Clover",1.4075,0.0316521804085827,1,1.00532091538221,1.80967908461779,"",1.37584781959142
"2","SHM",1.45958333333333,0.0316521804085827,1,1.05740424871554,1.86176241795112,"",1.42793115292475
