"","Cropping.system","response","SE","df","lower.CL","upper.CL",".group","minys"
"2","Corn-Corn-Corn",1.5,0.0488635230272769,1,0.879130072284633,2.12086992771537,"",1.45113647697272
"1","Soybean-Soybean-Soybean",1.369,0.0488635230272769,1,0.748130072284631,1.98986992771537,"",1.32013647697272
"4","Corn-Soybean-Corn",1.41933333333333,0.0488635230272769,1,0.798463405617965,2.0402032610487,"",1.37046981030606
"3","Corn-Cotton-Soybean",1.471,0.0488635230272769,1,0.850130072284632,2.09186992771537,"",1.42213647697272
