"","Cropping.system","response","SE","df","lower.CL","upper.CL",".group","minys"
"2","Corn-Corn-Corn",2.579,0.367487842117701,1,-2.09037576000255,7.24837576000255,"",2.2115121578823
"1","Soybean-Soybean-Soybean",2.968125,0.367487842117701,1,-1.70125076000256,7.63750076000256,"",2.6006371578823
"4","Corn-Soybean-Corn",2.86375,0.367487842117701,1,-1.80562576000255,7.53312576000255,"",2.4962621578823
"3","Corn-Cotton-Soybean",2.595125,0.367487842117701,1,-2.07425076000255,7.26450076000256,"",2.2276371578823
