"","Cover","response","SE","df","lower.CL","upper.CL",".group","minys"
"5","No cover",100,11.7987551048298,1,-49.9173979939532,249.917397993953,"",88.2012448951703
"3","Wheat",97.46875,11.7987551048298,1,-52.4486479939532,247.386147993953,"",85.6699948951703
"2","Clover",88.59375,11.7987551048298,1,-61.3236479939532,238.511147993953,"",76.7949948951703
"4","Wheat-Clover",95.4301251343692,11.8953691715806,1,-55.7148709721143,246.575121240853,"",83.5347559627886
"1","SHM",87.84375,11.7987551048298,1,-62.0736479939531,237.761147993953,"",76.0449948951703
