"","Cropping.system","response","SE","df","lower.CL","upper.CL",".group"
"2","Corn-Corn-Corn",0.335,0.060436091300728,3,0.142665384534209,0.52733461546579,"B"
"1","Soybean-Soybean-Soybean",0.647177419354838,0.0641303233680648,3,0.443086108695491,0.851268730014186,"A"
"4","Corn-Soybean-Corn",0.579596774193548,0.0606497577519557,3,0.386582176719484,0.772611371667611,"A"
"3","Corn-Cotton-Soybean",0.591777699859747,0.0679508335375104,3,0.375527820727349,0.808027578992145,"A"
