"","Cropping.system","YearN","response","SE","df","lower.CL","upper.CL",".group"
"2","Corn-Corn-Corn",3,0.638888888888888,0.0809325549100079,3,0.381325378538363,0.896452399239414,"A"
"1","Soybean-Soybean-Soybean",3,0.58047619047619,0.0801889762615516,3,0.325279079248132,0.835673301704248,"A"
"4","Corn-Soybean-Corn",3,0.652857142857143,0.0841758492453744,3,0.384972022432082,0.920742263282203,"A"
"3","Corn-Cotton-Soybean",3,0.471111111111111,0.0930525283268118,3,0.174976436140141,0.76724578608208,"A"
"6","Corn-Corn-Corn",4,0.572222222222222,0.0809325549100079,3,0.314658711871696,0.829785732572747,"A"
"5","Soybean-Soybean-Soybean",4,0.372142857142857,0.0801889762615516,3,0.116945745914799,0.627339968370915,"A"
"8","Corn-Soybean-Corn",4,0.529797979797979,0.0841758492453744,3,0.261912859372919,0.79768310022304,"A"
"7","Corn-Cotton-Soybean",4,0.46547619047619,0.0930525283268118,3,0.16934151550522,0.76161086544716,"A"
