"","Cropping.system","response","SE","df","lower.CL","upper.CL",".group","minys"
"2","Corn-Corn-Corn",1.2275,0.0578037629881976,1,0.493033552950642,1.96196644704935,"B",1.1696962370118
"1","Soybean-Soybean-Soybean",1.68683333333333,0.0578037629881977,1,0.952366886283975,2.42129978038269,"A",1.62902957034513
"4","Corn-Soybean-Corn",1.55991666666666,0.0578037629881977,1,0.825450219617308,2.29438311371602,"A",1.50211290367847
"3","Corn-Cotton-Soybean",1.22983333333333,0.0578037629881976,1,0.495366886283976,1.96429978038269,"B",1.17202957034513
