"","Cover","response","SE","df","lower.CL","upper.CL",".group","minys"
"5","No cover",2.12237877388836,0.119201076129294,1,1.03967427735105,4.33259892831889,"B",2.00317769775907
"4","Wheat",2.24018229583597,0.125413857426585,1,1.09989636452104,4.56262688054454,"AB",2.11476843840938
"3","Clover",2.28949473370294,0.128174553760763,1,1.12410804195299,4.66306257052176,"AB",2.16132017994218
"2","Wheat-Clover",2.31498446342766,0.130018563443138,1,1.13402462779231,4.72578190505834,"A",2.18496589998452
"1","SHM",2.39765211943517,0.134229612306252,1,1.17721171819582,4.88334901613317,"A",2.26342250712892
