"","YearN","response","SE","df","lower.CL","upper.CL",".group","Year"
"2",3,0.24335654406916,0.0371330138915016,3,0.125182721206102,0.361530366932218,"B","2022"
"1",4,0.365294740270314,0.0371330138915016,3,0.247120917407256,0.483468563133372,"A","2023"
