"","Cover","response","SE","df","lower.CL","upper.CL",".group","minys"
"1","No cover",4.86662003250056,1.1249475915546,1,0.258021170617166,91.7908808958796,"",3.74167244094595
"5","Wheat",4.82294109316218,1.11485095009046,1,0.25570537629089,90.9670384155354,"",3.70809014307171
"4","Clover",4.90969601974872,1.13490485712805,1,0.260304997293799,92.6033509035159,"",3.77479116262067
"3","Wheat-Clover",4.70112309526351,1.08669200971112,1,0.249246761850037,88.6693900966989,"",3.61443108555239
"2","SHM",4.87738865911777,1.12743682237527,1,0.258592107659129,91.9939914154252,"",3.7499518367425
