"","Cover","response","SE","df","lower.CL","upper.CL",".group","minys"
"3","No cover",1.93640625,0.123014839301085,1,0.37335451625279,3.49945798374721,"",1.81339141069892
"4","Wheat",1.936875,0.123014839301085,1,0.37382326625279,3.49992673374721,"",1.81386016069892
"1","Clover",1.7909375,0.123014839301085,1,0.22788576625279,3.35398923374721,"",1.66792266069892
"2","Wheat-Clover",1.78140625,0.123014839301085,1,0.21835451625279,3.34445798374721,"",1.65839141069892
"5","SHM",1.88640625,0.123014839301085,1,0.32335451625279,3.44945798374721,"",1.76339141069892
