"","Cropping.system","response","SE","df","lower.CL","upper.CL",".group","minys"
"4","Corn-Corn-Corn",5.89120340717135,1.40479978163652,1,0.284669755004855,121.917685228188,"A",4.48640362553483
"3","Soybean-Soybean-Soybean",4.70619825203509,1.1222267879512,1,0.227408936819305,97.3941582826042,"AB",3.58397146408389
"2","Corn-Soybean-Corn",5.03871093501469,1.20151682636211,1,0.243476333827629,104.275464836803,"AB",3.83719410865258
"1","Corn-Cotton-Soybean",3.91194472938008,0.93283132864121,1,0.189029688968057,80.9571853462159,"B",2.97911340073887
