"","YearN","response","SE","df","lower.CL","upper.CL",".group","Year"
"2",3,0.393698720623001,0.0496319972266167,3,0.235747554425303,0.551649886820698,"B","2022"
"1",4,0.519915519399249,0.0496319972266167,3,0.361964353201551,0.677866685596946,"A","2023"
