"","Cropping.system","response","SE","df","lower.CL","upper.CL",".group","minys"
"2","Corn-Corn-Corn",1.38738247154454,0.089569174122843,1,0.610857520294155,3.15102959102829,"",1.2978132974217
"1","Soybean-Soybean-Soybean",1.77744361770445,0.114751454737977,1,0.782599479986836,4.0369382997436,"",1.66269216296647
"4","Corn-Soybean-Corn",1.52673207711343,0.0985655607293809,1,0.672212450356815,3.46752107023578,"",1.42816651638405
"3","Corn-Cotton-Soybean",1.43348995010829,0.0925458650213834,1,0.631158411072391,3.25574911307927,"",1.3409440850869
