"","Cropping.system","response","SE","df","lower.CL","upper.CL",".group"
"2","Corn-Corn-Corn",0.461538461538462,0.0787567038761186,3,0.210899480271585,0.712177442805339,"A"
"1","Soybean-Soybean-Soybean",0.548,0.0805555052268015,3,0.291636430020703,0.804363569979297,"A"
"4","Corn-Soybean-Corn",0.452923076923077,0.0814768800068853,3,0.193627281179121,0.712218872667033,"A"
"3","Corn-Cotton-Soybean",0.628,0.0832597241200522,3,0.363030398595199,0.892969601404801,"A"
