"","Cropping.system","response","SE","df","lower.CL","upper.CL",".group"
"2","Corn-Corn-Corn",0.432246376811595,0.043671220642423,3,0.293265062030886,0.571227691592303,"A"
"1","Soybean-Soybean-Soybean",0.15379213483146,0.0418041949391929,3,0.020752529101866,0.286831740561055,"C"
"4","Corn-Soybean-Corn",0.259216739944635,0.0432854025635859,3,0.121463270483433,0.396970209405836,"BC"
"3","Corn-Cotton-Soybean",0.37204731709126,0.0567085049497245,3,0.191575545035846,0.552519089146673,"AB"
