"","Cropping.system","YearN","response","SE","df","lower.CL","upper.CL",".group"
"4","Corn-Corn-Corn",3,0.656060606060607,0.0662916136259226,3,0.445091105205494,0.867030106915719,"A"
"3","Soybean-Soybean-Soybean",3,0.40049497328202,0.0665227659972492,3,0.188789842416822,0.612200104147218,"B"
"2","Corn-Soybean-Corn",3,0.41418918918919,0.0654460808315925,3,0.20591055105139,0.62246782732699,"B"
"1","Corn-Cotton-Soybean",3,0.1421875,0.0722101101329447,3,-0.087617298196719,0.37199229819672,"C"
"8","Corn-Corn-Corn",4,0.186363636363637,0.0662916136259226,3,-0.0246058644914753,0.39733313721875,"B"
"7","Soybean-Soybean-Soybean",4,0.405643766499419,0.0665227659972492,3,0.193938635634221,0.617348897364617,"A"
"6","Corn-Soybean-Corn",4,0.298484848484849,0.0654460808315925,3,0.0902062103470488,0.50676348662265,"AB"
"5","Corn-Cotton-Soybean",4,0.411486486486487,0.0722101101329446,3,0.181681688289768,0.641291284683206,"A"
