"","Cover","response","SE","df","lower.CL","upper.CL",".group"
"4","No cover",0.664660973084887,0.0431728231705455,3,0.527265781497118,0.802056164672657,"A"
"5","Wheat",0.61188750862664,0.0431728231705454,3,0.474492317038871,0.74928270021441,"A"
"3","Clover",0.626099896480333,0.0431728231705454,3,0.488704704892564,0.763495088068102,"A"
"1","Wheat-Clover",0.585543909592824,0.0431728231705455,3,0.448148718005055,0.722939101180594,"A"
"2","SHM",0.640021135265702,0.0431728231705455,3,0.502625943677933,0.777416326853471,"A"
