"","YearN","response","SE","df","lower.CL","upper.CL",".group","Year"
"2",3,0.535153846153847,0.0477161480686423,3,0.383299767030426,0.687007925277268,"A","2022"
"1",4,0.510076923076923,0.0477161480686423,3,0.358222843953502,0.661931002200344,"A","2023"
