"","Cover","response","SE","df","lower.CL","upper.CL",".group"
"1","No cover",0.307575200607506,0.0441905708947165,3,0.166941081535238,0.448209319679774,"A"
"3","Wheat",0.307604952147633,0.0441905708947165,3,0.166970833075365,0.448239071219901,"A"
"2","Clover",0.304923408803997,0.0441905708947165,3,0.164289289731729,0.445557527876265,"A"
"5","Wheat-Clover",0.312501536701057,0.0441905708947165,3,0.171867417628788,0.453135655773325,"A"
"4","SHM",0.289023112588494,0.0441905708947165,3,0.148388993516226,0.429657231660762,"A"
