"","Cover","response","SE","df","lower.CL","upper.CL",".group","minys"
"5","No cover",4.26765794688285,0.578758469945687,1,0.761788073830225,23.9080985608228,"",3.68889947693717
"4","Wheat",4.05239619840461,0.549275445252294,1,0.724022018565045,22.681513169159,"",3.50312075315232
"3","Clover",4.1354472368488,0.560532463047853,1,0.738860345706393,23.1463549886548,"",3.57491477380094
"2","Wheat-Clover",4.21603716656787,0.571757917369929,1,0.752573629913863,23.6189107395592,"",3.64427924919794
"1","SHM",4.0354943667674,0.546984513999875,1,0.721002250097134,22.5869125679115,"",3.48850985276752
