"","Cropping.system","response","SE","df","lower.CL","upper.CL",".group"
"3","Corn-Corn-Corn",0.642857142857145,0.0650691700538982,3,0.435778003031239,0.84993628268305,"A"
"4","Soybean-Soybean-Soybean",0.705434782608697,0.0612338676706787,3,0.510561286681914,0.90030827853548,"A"
"1","Corn-Soybean-Corn",0.645341614906834,0.0640037506832414,3,0.441653115020652,0.849030114793015,"A"
"2","Corn-Cotton-Soybean",0.508937198067634,0.0675076272646709,3,0.294097799100712,0.723776597034556,"A"
