"","Cropping.system","YearN","response","SE","df","lower.CL","upper.CL",".group"
"2","Corn-Corn-Corn",3,0.312857142857142,0.0641193192911366,3,0.108800852081758,0.516913433632526,"B"
"1","Soybean-Soybean-Soybean",3,0.7,0.070934065113484,3,0.474256146560838,0.925743853439161,"A"
"4","Corn-Soybean-Corn",3,0.599193548387096,0.0645215551089764,3,0.393857163719375,0.804529933054817,"A"
"3","Corn-Cotton-Soybean",3,0.520652173913043,0.0777230750795654,3,0.273302660790792,0.768001687035294,"AB"
"8","Corn-Corn-Corn",4,0.357142857142857,0.0641193192911366,3,0.153086566367473,0.561199147918241,"B"
"7","Soybean-Soybean-Soybean",4,0.594354838709677,0.070934065113484,3,0.368610985270516,0.820098692148838,"A"
"6","Corn-Soybean-Corn",4,0.559999999999999,0.0645215551089764,3,0.354663615332278,0.76533638466772,"AB"
"5","Corn-Cotton-Soybean",4,0.662903225806451,0.0777230750795654,3,0.4155537126842,0.910252738928702,"A"
