"","Cropping.system","response","SE","df","lower.CL","upper.CL",".group"
"4","Corn-Corn-Corn",0.421212121212122,0.0640402899718205,3,0.217407337002005,0.625016905422239,"A"
"3","Soybean-Soybean-Soybean",0.40306936989072,0.0641551768805978,3,0.198898964262238,0.607239775519201,"A"
"2","Corn-Soybean-Corn",0.35633701883702,0.0636039658293271,3,0.153920812782086,0.558753224891953,"A"
"1","Corn-Cotton-Soybean",0.276836993243244,0.0671641252739626,3,0.0630907709175095,0.490583215568978,"A"
