"","Cropping.system","YearN","response","SE","df","lower.CL","upper.CL",".group"
"3","Corn-Corn-Corn",3,0.650000000000002,0.0700191478234624,3,0.42716782171011,0.872832178289893,"AB"
"4","Soybean-Soybean-Soybean",3,0.717391304347828,0.0627204940887588,3,0.517786699669489,0.916995909026167,"A"
"1","Corn-Soybean-Corn",3,0.697826086956523,0.0680268144334473,3,0.481334402702578,0.914317771210468,"A"
"2","Corn-Cotton-Soybean",3,0.372222222222223,0.0744932665193917,3,0.135151401419071,0.609293043025376,"B"
"8","Corn-Corn-Corn",4,0.635714285714287,0.0700191478234623,3,0.412882107424396,0.858546464004179,"A"
"7","Soybean-Soybean-Soybean",4,0.693478260869567,0.0627204940887588,3,0.493873656191228,0.893082865547906,"A"
"6","Corn-Soybean-Corn",4,0.592857142857144,0.0680268144334474,3,0.376365458603199,0.809348827111089,"A"
"5","Corn-Cotton-Soybean",4,0.645652173913045,0.0744932665193917,3,0.408581353109892,0.882722994716197,"A"
