"","Cropping.system","YearN","response","SE","df","lower.CL","upper.CL",".group"
"4","Corn-Corn-Corn",3,0.115486725663717,0.0321906931225828,3,0.0130415732712314,0.217931878056202,"C"
"3","Soybean-Soybean-Soybean",3,0.26875,0.0418588073334048,3,0.135536593258224,0.401963406741777,"AB"
"2","Corn-Soybean-Corn",3,0.1984375,0.047649738129945,3,0.0467947669406202,0.350080233059379,"BC"
"1","Corn-Cotton-Soybean",3,0.413636363636363,0.0547641842258319,3,0.239352287884988,0.587920439387738,"A"
"6","Corn-Corn-Corn",4,0.255309734513274,0.0321906931225828,3,0.152864582120789,0.357754886905759,"A"
"5","Soybean-Soybean-Soybean",4,0.217766401288133,0.0426575898841006,3,0.082010911969169,0.353521890607096,"A"
"8","Corn-Soybean-Corn",4,0.294247787610619,0.047649738129945,3,0.14260505455124,0.445890520669999,"A"
"7","Corn-Cotton-Soybean",4,0.183910715722886,0.0561353619710936,3,0.00526294042221578,0.362558491023557,"A"
