"","Cropping.system","response","SE","df","lower.CL","upper.CL",".group"
"3","Corn-Corn-Corn",0.406914893617021,0.0613286666895548,3,0.211739704902871,0.602090082331171,"A"
"4","Soybean-Soybean-Soybean",0.354261363636364,0.0581849157223572,3,0.169090993572504,0.539431733700223,"A"
"1","Corn-Soybean-Corn",0.395472678916828,0.0553633892526952,3,0.219281665341604,0.571663692492051,"A"
"2","Corn-Cotton-Soybean",0.504583845208845,0.0702429860803017,3,0.281039313685494,0.728128376732196,"A"
