"","Cover","response","SE","df","lower.CL","upper.CL",".group","minys"
"3","No cover",1.54656313298934,0.0533180536144678,1,0.997988373884773,2.39667874587681,"",1.49324507937487
"5","Wheat",1.49472117843044,0.0515307925232847,1,0.964535056121251,2.3163402792564,"",1.44319038590716
"1","Clover",1.51125539257266,0.052100812651984,1,0.97520449025768,2.34196302867359,"",1.45915457992068
"4","Wheat-Clover",1.52223435610877,0.0524793144757781,1,0.982289152844429,2.358976914494,"",1.46975504163299
"2","SHM",1.54681963058604,0.0533268964171451,1,0.99815389032182,2.39707623520348,"",1.4934927341689
