"","Cover","response","SE","df","lower.CL","upper.CL",".group","minys"
"1","No cover",2.74203125,0.356931632606894,1,-1.79321515072028,7.27727765072028,"",2.38509961739311
"3","Wheat",2.62390625,0.356931632606894,1,-1.91134015072028,7.15915265072028,"",2.26697461739311
"2","Clover",2.85453125,0.356931632606894,1,-1.68071515072028,7.38977765072028,"",2.49759961739311
"5","Wheat-Clover",2.5790625,0.356931632606894,1,-1.95618390072028,7.11430890072028,"",2.22213086739311
"4","SHM",2.95796875,0.356931632606894,1,-1.57727765072028,7.49321515072028,"",2.60103711739311
