"","Cover","response","SE","df","lower.CL","upper.CL",".group"
"5","No cover",0.399853115004867,0.0533778420627718,3,0.229980998748182,0.569725231261553,"B"
"2","Wheat",0.449376825198164,0.0533778420627718,3,0.279504708941479,0.619248941454849,"AB"
"4","Clover",0.457927009456264,0.0533778420627718,3,0.288054893199579,0.62779912571295,"AB"
"3","Wheat-Clover",0.429082359894312,0.0533778420627719,3,0.259210243637626,0.598954476150998,"B"
"1","SHM",0.547796290502016,0.0533778420627719,3,0.37792417424533,0.717668406758702,"A"
