"","Cover","response","SE","df","lower.CL","upper.CL",".group","minys"
"5","No cover",1.01395833333333,0.0248062238204503,2,0.907225766697497,1.12069089996917,"C",0.989152109512883
"4","Wheat",1.02083333333333,0.0248062238204503,2,0.914100766697497,1.12756589996917,"BC",0.996027109512883
"3","Clover",1.04479166666667,0.0248062238204503,2,0.93805910003083,1.1515242333025,"ABC",1.01998544284622
"2","Wheat-Clover",1.066875,0.0248062238204503,2,0.960142433364163,1.17360756663584,"AB",1.04206877617955
"1","SHM",1.0775,0.0248062238204503,2,0.970767433364164,1.18423256663584,"A",1.05269377617955
