"","Cropping.system","response","SE","df","lower.CL","upper.CL",".group","minys"
"2","Corn-Corn-Corn",1.075,0.0311980391958055,2,0.940765671491337,1.20923432850866,"",1.0438019608042
"1","Soybean-Soybean-Soybean",1.012,0.0311980391958055,2,0.877765671491337,1.14623432850866,"",0.980801960804194
"4","Corn-Soybean-Corn",1.073,0.0311980391958055,2,0.938765671491337,1.20723432850866,"",1.04180196080419
"3","Corn-Cotton-Soybean",1.01916666666667,0.0311980391958055,2,0.884932338158004,1.15340099517533,"",0.987968627470861
