"","Cropping.system","response","SE","df","lower.CL","upper.CL",".group","minys"
"4","Corn-Corn-Corn",57.9741295216504,6.11597057343219,2,34.6453649710556,87.2751599367464,"B",51.8581589482182
"3","Soybean-Soybean-Soybean",64.2350474109342,6.43775275593863,2,39.5217658743934,94.9205948119764,"AB",57.7972946549956
"2","Corn-Soybean-Corn",61.643817617517,6.30656726713779,2,37.4949816824687,91.7649194170667,"AB",55.3372503503793
"1","Corn-Cotton-Soybean",66.2078306347505,6.53586311586828,2,41.0724142902417,97.3155128437606,"A",59.6719675188822
