"","YearN","response","SE","df","lower.CL","upper.CL",".group","Year"
"3",2,69.5586250000001,1.88766062931176,3,63.5512464046174,75.5660035953828,"A","2021"
"2",3,68.8627500000001,1.88766062931178,3,62.8553714046173,74.8701285953829,"A","2022"
"1",4,52.3353750000001,1.88766062931177,3,46.3279964046174,58.3427535953828,"B","2023"
