"","Cover","response","SE","df","lower.CL","upper.CL",".group","minys"
"2","No cover",64.6338013716698,6.4325061362982,2,39.9198362086723,95.2735163816195,"",58.2012952353716
"1","Wheat",60.8018435346507,6.23891018028021,2,36.9208545402825,90.6085823759712,"",54.5629333543705
"5","Clover",61.1996171889736,6.25928479657935,2,37.2309632961683,91.0940209287312,"",54.9403323923943
"4","Wheat-Clover",62.6623249277771,6.33364345561872,2,38.3737315476756,92.8766681548309,"",56.3286814721584
"3","SHM",63.1249284164188,6.35697946993327,2,38.7359282706253,93.4396784091646,"",56.7679489464855
