"","Cropping.system","response","SE","df","lower.CL","upper.CL",".group","minys"
"4","Corn-Corn-Corn",68.8250081566112,3.66344354132808,8,60.3770922012217,77.2729241120008,"A",65.1615646152832
"3","Soybean-Soybean-Soybean",64.4834126646668,3.66344354132807,8,56.0354967092773,72.9313286200563,"AB",60.8199691233387
"2","Corn-Soybean-Corn",67.3705713969446,3.66344354132807,8,58.9226554415551,75.8184873523341,"AB",63.7071278556165
"1","Corn-Cotton-Soybean",63.432129869889,3.66344354132808,8,54.9842139144995,71.8800458252786,"B",59.7686863285609
