"","Cover","response","SE","df","lower.CL","upper.CL",".group","minys"
"4","No cover",63.9956432777779,3.54369143207692,8,55.823876181521,72.1674103740349,"B",60.451951845701
"5","Wheat",65.2046151752085,3.54369143207692,8,57.0328480789515,73.3763822714654,"B",61.6609237431316
"3","Clover",65.6657445105557,3.54369143207692,8,57.4939774142987,73.8375116068126,"AB",62.1220530784788
"1","Wheat-Clover",68.4014242879168,3.54369143207692,8,60.2296571916598,76.5731913841737,"A",64.8577328558399
"2","SHM",66.8714753586807,3.54369143207692,8,58.6997082624237,75.0432424549376,"AB",63.3277839266038
