"","YearN","response","SE","df","lower.CL","upper.CL",".group","Year"
"1",2,0.382764592522368,0.0206587229689592,3,0.317019315937924,0.448509869106812,"B","2021"
"3",3,0.348280634040877,0.0206587229689596,3,0.282535357456431,0.414025910625322,"B","2022"
"2",4,0.532980533678246,0.0206587229689592,3,0.467235257093802,0.598725810262689,"A","2023"
