"","Cover","response","SE","df","lower.CL","upper.CL",".group"
"1","No cover",0.661755700631514,0.0607379921287719,2,0.400421212999152,0.923090188263876,"C"
"2","Wheat",0.332168231083496,0.0607379921287719,2,0.0708337434511346,0.593502718715858,"A"
"3","Clover",0.456851978364425,0.0607379921287719,2,0.195517490732063,0.718186465996786,"B"
"4","Wheat-Clover",0.373253435320238,0.0607379921287719,2,0.111918947687876,0.634587922952599,"AB"
"5","SHM",0.282680255002816,0.0607379921287719,2,0.0213457673704542,0.544014742635177,"A"
