"","Cropping.system","response","SE","df","lower.CL","upper.CL",".group"
"3","Corn-Corn-Corn",0.403893500909296,0.0258900875392326,3,0.321499687476594,0.486287314341998,"A"
"4","Soybean-Soybean-Soybean",0.47307205109066,0.0258900875392325,3,0.390678237657958,0.555465864523363,"A"
"1","Corn-Soybean-Corn",0.440754109932917,0.0258900875392324,3,0.358360296500215,0.523147923365619,"A"
"2","Corn-Cotton-Soybean",0.367648018389114,0.0258900875392327,3,0.285254204956411,0.450041831821816,"A"
