"","Cover","response","SE","df","lower.CL","upper.CL",".group"
"5","No cover",0.661755700631513,0.0333962414861472,3,0.555473955303561,0.768037445959464,"A"
"3","Wheat",0.332168231083495,0.0247275388407961,3,0.253474166460844,0.410862295706146,"CD"
"2","Clover",0.456851978364424,0.0256349380022832,3,0.375270164632881,0.538433792095967,"B"
"4","Wheat-Clover",0.373253435320237,0.0247569541156362,3,0.294465758164852,0.452041112475622,"BC"
"1","SHM",0.282680255002815,0.0208120301270138,3,0.216447086619647,0.348913423385984,"D"
