"","Cropping.system","response","SE","df","lower.CL","upper.CL",".group"
"1","Corn-Corn-Corn",0.403893500909297,0.0609816406566011,2,0.141510678273571,0.666276323545023,"AB"
"2","Soybean-Soybean-Soybean",0.473072051090661,0.0609816406566011,2,0.210689228454936,0.735454873726387,"B"
"3","Corn-Soybean-Corn",0.440754109932918,0.0609816406566011,2,0.178371287297192,0.703136932568644,"AB"
"4","Corn-Cotton-Soybean",0.367648018389115,0.0609816406566011,2,0.105265195753389,0.63003084102484,"A"
