"","Cover","response","SE","df","lower.CL","upper.CL",".group","minys"
"1","No cover",9.81011820496934,1.2256711094102,8,7.3230066929001,13.0404375386476,"",8.58444709555914
"4","Wheat",9.7417398473903,1.21842772060872,8,7.26945581728229,12.9531521176847,"",8.52331212678159
"5","Clover",9.7812532115096,1.22239834329552,8,7.30078274222716,13.0029470015377,"",8.55885486821408
"2","Wheat-Clover",10.4169819177113,1.29447843472838,8,7.7902477208944,13.8286465009981,"",9.12250348298295
"3","SHM",10.1606203055739,1.26541168304252,8,7.59286787978949,13.4956779677894,"",8.89520862253142
