"","Cropping.system","response","SE","df","lower.CL","upper.CL",".group","minys"
"3","Corn-Corn-Corn",9.69130518025835,1.25097293180055,8,7.16297647517785,13.0027362329166,"AB",8.4403322484578
"4","Soybean-Soybean-Soybean",11.2388714478239,1.43205124527595,8,8.34456719987653,15.0296320966409,"A",9.80682020254791
"1","Corn-Soybean-Corn",10.0953293010037,1.29857354933919,8,7.47088048749684,13.5328850382694,"AB",8.79675575166449
"2","Corn-Cotton-Soybean",9.00780596342769,1.1709977552673,8,6.64111427652941,12.1075359662216,"B",7.8368082081604
