"","Cover","response","SE","df","lower.CL","upper.CL",".group"
"5","No cover",14.65002957,1.55958552895603,3,9.68673236559993,19.6133267744001,"A"
"3","Wheat",16.2741929194814,1.82166586631414,3,10.4768391137685,22.0715467251943,"A"
"2","Clover",15.1810992314583,1.37758528659828,3,10.7970080259104,19.5651904370063,"A"
"4","Wheat-Clover",15.8744951673542,1.01315877608118,3,12.6501717637488,19.0988185709595,"A"
"1","SHM",18.202072706125,1.77714240550505,3,12.5464124237624,23.8577329884876,"A"
