"","Cover","response","SE","df","lower.CL","upper.CL",".group","minys"
"1","No cover",1.05231652296932,0.0570874961467963,2,0.806688851838742,1.29794419409989,"AB",0.995229026822521
"3","Wheat",0.978099634423375,0.0570874961467963,2,0.732471963292801,1.22372730555395,"C",0.921012138276579
"2","Clover",1.06458670309723,0.0570874961467963,2,0.818959031966653,1.3102143742278,"A",1.00749920695043
"5","Wheat-Clover",1.00514694329277,0.0570874961467963,2,0.759519272162195,1.25077461442334,"BC",0.948059447145974
"4","SHM",1.06173237685451,0.0570874961467963,2,0.816104705723933,1.30736004798508,"AB",1.00464488070771
