"","Cropping.system","response","SE","df","lower.CL","upper.CL",".group","minys"
"2","Corn-Corn-Corn",0.910295844229156,0.0681678395195556,2,0.616993303439217,1.2035983850191,"C",0.842128004709601
"1","Soybean-Soybean-Soybean",1.1524111683621,0.0681678395195557,2,0.859108627572164,1.44571370915204,"A",1.08424332884255
"4","Corn-Soybean-Corn",0.952997353468692,0.0681678395195557,2,0.659694812678753,1.24629989425863,"BC",0.884829513949136
"3","Corn-Cotton-Soybean",1.11380137844981,0.0681678395195556,2,0.820498837659868,1.40710391923975,"AB",1.04563353893025
