"","Cover","response","SE","df","lower.CL","upper.CL",".group"
"4","Wheat",1.54468333333333,0.0973101000623458,3,1.23499916492313,1.85436750174353,"AB"
"3","Clover",1.11085416666666,0.087204500017402,3,0.83333052778217,1.38837780555116,"C"
"2","Wheat-Clover",1.83243333333333,0.104565368392797,3,1.49965966303104,2.16520700363562,"A"
"1","SHM",1.4223875,0.0683322291437114,3,1.20492384982979,1.6398511501702,"B"
