"","Cropping.system","response","SE","df","lower.CL","upper.CL",".group"
"4","Corn-Corn-Corn",1.4647875,0.0903840281857076,3,1.17714518344373,1.75242981655626,"A"
"3","Soybean-Soybean-Soybean",1.56420416666666,0.0903840281857067,3,1.2765618501104,1.85184648322293,"A"
"2","Corn-Soybean-Corn",1.38944166666667,0.0903840281857074,3,1.1017993501104,1.67708398322293,"A"
"1","Corn-Cotton-Soybean",1.491925,0.0903840281857079,3,1.20428268344373,1.77956731655626,"A"
