"","YearN","response","SE","df","lower.CL","upper.CL",".group","Year"
"2",2,0.1953331095875,0.00306760997965304,3,0.185570605541702,0.205095613633298,"A","2021"
"1",3,0.1853900488875,0.00306760997965304,3,0.175627544841702,0.195152552933298,"C","2022"
"3",4,0.19083375,0.00306760997965304,3,0.181071245954202,0.200596254045798,"B","2023"
