"","Cover","response","SE","df","lower.CL","upper.CL",".group"
"4","No cover",8.55769899457853,1.26726443208634,3,4.52469798486792,12.5907000042891,"A"
"5","Wheat",8.33256651147275,1.26726443208633,3,4.29956550176214,12.3655675211834,"A"
"3","Clover",8.3212824807036,1.26726443208633,3,4.28828147099299,12.3542834904142,"A"
"1","Wheat-Clover",7.5236372941906,1.26726443208633,3,3.49063628447999,11.5566383039012,"A"
"2","SHM",7.7569258030526,1.26726443208633,3,3.72392479334199,11.7899268127632,"A"
