"","Cover","response","SE","df","lower.CL","upper.CL",".group"
"3","No cover",77.2353884375001,7.17209856798371,3,54.4105698486898,100.06020702631,"A"
"5","Wheat",82.42389025,6.47765008035504,3,61.8091166848534,103.038663815147,"A"
"1","Clover",84.5571152916667,6.74303703964594,3,63.0977619784543,106.016468604879,"A"
"4","Wheat-Clover",82.5609951875,6.70929958142212,3,61.2090095235617,103.912980851438,"A"
"2","SHM",83.8621219791667,6.56852008482336,3,62.9581595040388,104.766084454295,"A"
