"","Cropping.system","response","SE","df","lower.CL","upper.CL",".group"
"2","Corn-Corn-Corn",87.9482428833334,6.72687973869841,3,66.5403093128248,109.356176453842,"A"
"1","Soybean-Soybean-Soybean",73.5574929333334,6.72687973869842,3,52.1495593628248,94.965426503842,"B"
"4","Corn-Soybean-Corn",83.0413017333334,6.72687973869843,3,61.6333681628247,104.449235303842,"AB"
"3","Corn-Cotton-Soybean",83.9645713666667,6.72687973869842,3,62.5566377961581,105.372504937175,"AB"
