"","Cropping.system","response","SE","df","lower.CL","upper.CL",".group"
"2","Corn-Corn-Corn",11.55005,0.679667908674472,3,9.38704337521901,13.713056624781,"A"
"1","Soybean-Soybean-Soybean",14.3244716666667,0.679667908674473,3,12.1614650418857,16.4874782914476,"A"
"4","Corn-Soybean-Corn",12.77158,0.679667908674472,3,10.608573375219,14.934586624781,"A"
"3","Corn-Cotton-Soybean",12.051025,0.679667908674473,3,9.88801837521901,14.214031624781,"A"
