"","YearN","response","SE","df","lower.CL","upper.CL",".group","Year"
"1",2,23.0908363320081,0.44029263720906,3,21.6896286554785,24.4920440085377,"A","2021"
"3",3,24.3176432090649,0.431455191745017,3,22.9445602282005,25.6907261899293,"A","2022"
"2",4,17.8781254991884,0.435736253599232,3,16.4914182688433,19.2648327295334,"B","2023"
