"","Cover","response","SE","df","lower.CL","upper.CL",".group"
"5","No cover",6.46252366666667,1.14141069283271,3,2.83004542444989,10.0950019088835,"C"
"4","Wheat",24.660300875,2.20087881019371,3,17.6561222371219,31.6644795128782,"B"
"3","Clover",31.7000718333333,2.77769171027395,3,22.8602171127548,40.5399265539119,"AB"
"2","Wheat-Clover",34.0680679999999,2.56988843274638,3,25.8895360522149,42.246599947785,"A"
"1","SHM",35.02629125,2.07443480761355,3,28.4245138609583,41.6280686390417,"A"
