"","Cover","response","SE","df","lower.CL","upper.CL",".group"
"4","No cover",0.150486901541668,0.0260699440286283,3,0.0675207044888064,0.233453098594529,"D"
"3","Wheat",0.674387645416666,0.0482504755382061,3,0.52083309781192,0.827942193021412,"AB"
"2","Clover",0.507047182916667,0.0387688095594778,3,0.38366752817386,0.630426837659475,"C"
"1","Wheat-Clover",0.786310202666668,0.0501093556631115,3,0.626839868876451,0.945780536456884,"A"
"5","SHM",0.608005769166667,0.0338572490165081,3,0.500256892127011,0.715754646206324,"BC"
