"","YearN","response","SE","df","lower.CL","upper.CL",".group","Year"
"1",2,0.604084755425001,0.0335471195336171,3,0.49732284881233,0.710846662037671,"B","2021"
"3",3,0.708054718725001,0.033547119533617,3,0.60129281211233,0.814816625337671,"A","2022"
"2",4,0.323603146875,0.033547119533617,3,0.21684124026233,0.430365053487671,"C","2023"
