"","Cover","response","SE","df","lower.CL","upper.CL",".group"
"1","No cover",22.1847633602102,0.642909980147718,3,20.1387368692591,24.2307898511613,"B"
"5","Wheat",28.2892234469024,0.453056412545176,3,26.8473957407129,29.7310511530919,"A"
"4","Clover",17.6721175560265,0.636876843045688,3,15.645291199955,19.698943912098,"C"
"3","Wheat-Clover",23.1423181891898,0.623131478678471,3,21.1592357171635,25.1254006612161,"B"
"2","SHM",17.5225858481069,0.373188541816282,3,16.3349333520294,18.7102383441843,"C"
