"","Cropping.system","response","SE","df","lower.CL","upper.CL",".group"
"3","Corn-Corn-Corn",0.537106005033334,0.0371417259452946,3,0.418904456526871,0.655307553539797,"A"
"4","Soybean-Soybean-Soybean",0.580997982066667,0.0371417259452946,3,0.462796433560204,0.69919953057313,"A"
"1","Corn-Soybean-Corn",0.538864999666667,0.0371417259452946,3,0.420663451160204,0.65706654817313,"A"
"2","Corn-Cotton-Soybean",0.5240211746,0.0371417259452946,3,0.405819626093538,0.642222723106463,"A"
