"","Cropping.system","response","SE","df","lower.CL","upper.CL",".group"
"2","Corn-Corn-Corn",6.36897198152685,0.148897716504358,3,5.89511299377237,6.84283096928132,"A"
"1","Soybean-Soybean-Soybean",5.87417410077468,0.148641148259401,3,5.40113162768342,6.34721657386594,"A"
"4","Corn-Soybean-Corn",6.20953593333333,0.147589897419854,3,5.73983900959231,6.67923285707434,"A"
"3","Corn-Cotton-Soybean",5.9652846,0.147589897419853,3,5.49558767625898,6.43498152374101,"A"
