"","YearN","response","SE","df","lower.CL","upper.CL",".group","Year"
"3",2,107.06362875,12.3771921826693,3,67.6738792184776,146.453378281522,"A","2021"
"2",3,101.6315,12.3771921826693,3,62.2417504684778,141.021249531522,"A","2022"
"1",4,80.0673750000001,12.3771921826693,3,40.6776254684777,119.457124531522,"B","2023"
