"","Cropping.system","response","SE","df","lower.CL","upper.CL",".group"
"2","Corn-Corn-Corn",0.461388888888889,0.0327595439335538,3,0.357133399334771,0.565644378443006,"A"
"1","Soybean-Soybean-Soybean",0.487222222222222,0.0327595439335537,3,0.382966732668105,0.59147771177634,"A"
"4","Corn-Soybean-Corn",0.437222222222222,0.0327595439335538,3,0.332966732668105,0.54147771177634,"A"
"3","Corn-Cotton-Soybean",0.492222222222222,0.0327595439335538,3,0.387966732668105,0.59647771177634,"A"
