"","YearN","response","SE","df","lower.CL","upper.CL",".group","Year"
"2",2,0.478018166974626,0.014393767483019,3,0.432210774829179,0.523825559120073,"B","2021"
"1",3,0.508993368637054,0.014393767483019,3,0.463185976491607,0.5548007607825,"A","2022"
"3",4,0.479384444483509,0.014393767483019,3,0.433577052338062,0.525191836628955,"B","2023"
