"","Cover","response","SE","df","lower.CL","upper.CL",".group"
"1","No cover",0.448629283303795,0.0269832382763085,3,0.362756576346767,0.534501990260822,"A"
"5","Wheat",0.429641065329545,0.0269832382763085,3,0.343768358372517,0.515513772286573,"A"
"4","Clover",0.455466714150528,0.0269832382763085,3,0.3695940071935,0.541339421107555,"A"
"3","Wheat-Clover",0.429682960406368,0.0269832382763085,3,0.343810253449341,0.515555667363396,"A"
"2","SHM",0.464389538049689,0.0269832382763085,3,0.378516831092661,0.550262245006717,"A"
