"","Cover","response","SE","df","lower.CL","upper.CL",".group"
"1","No cover",0.478125,0.0291406137815862,3,0.385386561337092,0.570863438662909,"AB"
"3","Wheat",0.399305555555556,0.0323331854920864,3,0.296406928848212,0.502204182262899,"B"
"2","Clover",0.513888888888889,0.0340488737353714,3,0.405530176470685,0.622247601307093,"A"
"5","Wheat-Clover",0.4875,0.0380250690953314,3,0.366487259349405,0.608512740650595,"AB"
"4","SHM",0.46875,0.0276008018208374,3,0.380911930222408,0.556588069777592,"AB"
