"","YearN","response","SE","df","lower.CL","upper.CL",".group","Year"
"1",2,3.47635082999999,0.169125409390957,3,2.93811829575415,4.01458336424584,"A","2021"
"3",3,3.8252375,0.169125409390957,3,3.28700496575415,4.36347003424584,"A","2022"
"2",4,2.37012499999999,0.169125409390958,3,1.83189246575415,2.90835753424584,"B","2023"
