"","Cropping.system","response","SE","df","lower.CL","upper.CL",".group"
"2","Corn-Corn-Corn",3.34511531999999,0.249612368448935,3,2.55073736027657,4.13949327972342,"A"
"1","Soybean-Soybean-Soybean",3.11820832666666,0.249612368448935,3,2.32383036694323,3.91258628639009,"A"
"4","Corn-Soybean-Corn",3.43217101333333,0.249612368448936,3,2.6377930536099,4.22654897305676,"A"
"3","Corn-Cotton-Soybean",3.00012311333333,0.249612368448935,3,2.2057451536099,3.79450107305676,"A"
