"","Cropping.system","response","SE","df","lower.CL","upper.CL",".group"
"2","Soybean-Soybean-Soybean",4.29478515185632,0.124200118748987,3,3.91391783397222,4.70517268532673,"B"
"1","Corn-Cotton-Soybean",4.6384247992382,0.132260896247527,3,4.23283861041538,5.07544711074907,"A"
