"","Cover","response","SE","df","lower.CL","upper.CL",".group"
"4","No cover",4.4094334144692,0.1236045702518,3,4.03003045349381,4.81745381784932,"A"
"2","Wheat",4.41195476552009,0.169592981626105,3,3.89827392012627,4.97950520155487,"A"
"5","Clover",4.27242205466684,0.26633485078831,3,3.48944690282511,5.19195079577494,"A"
"1","Wheat-Clover",4.59844432059243,0.117178889132227,3,4.23767761689912,4.98406032277517,"A"
"3","SHM",4.63549239982362,0.126518981684733,3,4.24689974263182,5.05286476705952,"A"
