"","Cover","response","SE","df","lower.CL","upper.CL",".group"
"1","No cover",0.431171157274098,0.0350318453243394,3,0.319684190554384,0.542658123993812,"A"
"3","Wheat",0.393132398647105,0.0350318453243395,3,0.28164543192739,0.504619365366819,"A"
"2","Clover",0.461861259655377,0.0350318453243393,3,0.350374292935663,0.573348226375091,"A"
"5","Wheat-Clover",0.382615750262809,0.0350318453243393,3,0.271128783543095,0.494102716982523,"A"
"4","SHM",0.507448637963344,0.0350318453243393,3,0.39596167124363,0.618935604683058,"A"
