"","Cropping.system","response","SE","df","lower.CL","upper.CL",".group"
"4","Corn-Corn-Corn",0.185398230088495,0.0302531941418775,3,0.0891190641686466,0.281677396008344,"A"
"3","Soybean-Soybean-Soybean",0.243258200644066,0.0359178622060639,3,0.128951532772689,0.357564868515444,"A"
"2","Corn-Soybean-Corn",0.246342643805309,0.0391456787635129,3,0.121763623056545,0.370921664554074,"A"
"1","Corn-Cotton-Soybean",0.298773539679625,0.04398532798919,3,0.158792595133735,0.438754484225514,"A"
