"","Cropping.system","YearN","response","SE","df","lower.CL","upper.CL",".group"
"4","Corn-Corn-Corn",3,0.305882352941176,0.0724280263471761,3,0.0753840480936147,0.536380657788738,"A"
"3","Soybean-Soybean-Soybean",3,0.384042553191489,0.0707988791948742,3,0.158728921679534,0.609356184703444,"A"
"2","Corn-Soybean-Corn",3,0.440425531914893,0.0705754908229301,3,0.215822821901875,0.665028241927911,"A"
"1","Corn-Cotton-Soybean",3,0.444444444444444,0.0790132392415575,3,0.192989053151652,0.695899835737236,"A"
"6","Corn-Corn-Corn",4,0.48235294117647,0.0724280263471761,3,0.251854636328908,0.712851246024032,"A"
"5","Soybean-Soybean-Soybean",4,0.559574468085106,0.0707988791948742,3,0.334260836573151,0.784888099597061,"A"
"8","Corn-Soybean-Corn",4,0.444117647058823,0.0705754908229301,3,0.219514937045805,0.668720357071841,"A"
"7","Corn-Cotton-Soybean",4,0.593617021276595,0.0790132392415574,3,0.342161629983803,0.845072412569387,"A"
