"","Cover","response","SE","df","lower.CL","upper.CL",".group"
"4","No cover",0.458597827620257,0.0375161837941238,3,0.339204587116304,0.577991068124211,"A"
"3","Wheat",0.440265544917008,0.0375161837941237,3,0.320872304413055,0.559658785420962,"A"
"2","Clover",0.508650873418913,0.0375161837941238,3,0.389257632914959,0.628044113922866,"A"
"1","Wheat-Clover",0.446044708350967,0.0375161837941238,3,0.326651467847013,0.565437948854921,"A"
"5","SHM",0.45121432265952,0.0375161837941239,3,0.331821082155566,0.570607563163474,"A"
