"","YearN","response","SE","df","lower.CL","upper.CL",".group","Year"
"2",3,0.24907764732502,0.0283279833979737,3,0.158925361224,0.339229933426039,"A","2022"
"1",4,0.237808659783728,0.0285709792084341,3,0.146883052563509,0.328734267003947,"A","2023"
