"","Cropping.system","response","SE","df","lower.CL","upper.CL",".group"
"4","Corn-Corn-Corn",0.605555555555555,0.0787837853638384,3,0.354830388908143,0.856280722202967,"A"
"3","Soybean-Soybean-Soybean",0.476309523809523,0.078402688544861,3,0.226797177325621,0.725821870293426,"A"
"2","Corn-Soybean-Corn",0.591327561327561,0.0804651005853758,3,0.33525169926535,0.847403423389772,"A"
"1","Corn-Cotton-Soybean",0.46829365079365,0.0852128636306203,3,0.197108287769738,0.739479013817562,"A"
