"","Cropping.system","YearN","response","SE","df","lower.CL","upper.CL",".group"
"3","Corn-Corn-Corn",3,0.332978723404255,0.070381910274554,3,0.108992073092191,0.556965373716319,"A"
"4","Soybean-Soybean-Soybean",3,0.149431818181818,0.064824157636594,3,-0.0568675827818891,0.355731219145525,"A"
"1","Corn-Soybean-Corn",3,0.166477272727272,0.0596775696317238,3,-0.0234433882555181,0.356397933710063,"A"
"2","Corn-Cotton-Soybean",3,0.454054054054054,0.0854362731222123,3,0.18215770231906,0.725950405789048,"A"
"7","Corn-Corn-Corn",4,0.480851063829787,0.0703819102745541,3,0.256864413517723,0.704837714141851,"A"
"8","Soybean-Soybean-Soybean",4,0.559090909090909,0.064824157636594,3,0.352791508127202,0.765390310054617,"A"
"5","Corn-Soybean-Corn",4,0.624468085106383,0.0596775696317238,3,0.434547424123592,0.814388746089173,"A"
"6","Corn-Cotton-Soybean",4,0.555113636363636,0.0854362731222124,3,0.283217284628642,0.827009988098631,"A"
