"","Cover","response","SE","df","lower.CL","upper.CL",".group"
"2","No cover",0.587274437737928,0.0574891336935355,3,0.404318356620975,0.770230518854881,"A"
"1","Wheat",0.497044993488278,0.0574891336935356,3,0.314088912371325,0.680001074605232,"A"
"3","Clover",0.539953322230013,0.0574891336935355,3,0.35699724111306,0.722909403346967,"A"
"5","Wheat-Clover",0.510603774293728,0.0574891336935355,3,0.327647693176775,0.693559855410681,"A"
"4","SHM",0.557063339010218,0.0574891336935355,3,0.374107257893265,0.740019420127171,"A"
