"","Cropping.system","YearN","response","SE","df","lower.CL","upper.CL",".group"
"2","Corn-Corn-Corn",3,0.428671328671329,0.0480389057273756,3,0.27579009062937,0.581552566713288,"A"
"1","Soybean-Soybean-Soybean",3,0.290849673202614,0.0512164949661093,3,0.127855928028138,0.45384341837709,"A"
"4","Corn-Soybean-Corn",3,0.3,0.0407363469862415,3,0.170358763042881,0.429641236957119,"A"
"3","Corn-Cotton-Soybean",3,0.332905982905983,0.0549244084360688,3,0.158112002208722,0.507699963603243,"A"
"8","Corn-Corn-Corn",4,0.591608391608392,0.0480389057273756,3,0.438727153566433,0.74448962965035,"AB"
"7","Soybean-Soybean-Soybean",4,0.424509803921569,0.0512164949661093,3,0.261516058747092,0.587503549096045,"B"
"6","Corn-Soybean-Corn",4,0.65034965034965,0.0407363469862416,3,0.520708413392531,0.77999088730677,"A"
"5","Corn-Cotton-Soybean",4,0.463071895424837,0.0549244084360689,3,0.288277914727576,0.637865876122098,"AB"
