"","Cropping.system","YearN","response","SE","df","lower.CL","upper.CL",".group"
"3","Corn-Corn-Corn",3,0.399275362318841,0.0489239249209246,3,0.243577598214267,0.554973126423415,"A"
"4","Soybean-Soybean-Soybean",3,0.0220037453183518,0.0455453711577584,3,-0.122941952845432,0.166949443482135,"B"
"1","Corn-Soybean-Corn",3,0.0264044943820227,0.0482333033811003,3,-0.127095403754788,0.179904392518833,"B"
"2","Corn-Cotton-Soybean",3,0.525742574257426,0.0707877706396786,3,0.30046429512591,0.751020853388941,"A"
"6","Corn-Corn-Corn",4,0.465217391304348,0.0489239249209246,3,0.309519627199774,0.620915155408922,"A"
"5","Soybean-Soybean-Soybean",4,0.285580524344569,0.0455453711577584,3,0.140634826180786,0.430526222508352,"B"
"8","Corn-Soybean-Corn",4,0.492028985507246,0.0482333033811003,3,0.338529087370436,0.645528883644057,"A"
"7","Corn-Cotton-Soybean",4,0.218352059925094,0.0707877706396786,3,-0.00692621920642186,0.44363033905661,"B"
