"","Cropping.system","response","SE","df","lower.CL","upper.CL",".group"
"4","Corn-Corn-Corn",0.394117647058823,0.069236677583902,3,0.173775638291815,0.614459655825831,"A"
"3","Soybean-Soybean-Soybean",0.471808510638298,0.068388951375268,3,0.254164345011849,0.689452676264747,"A"
"2","Corn-Soybean-Corn",0.442271589486858,0.0682734060599903,3,0.224995140622108,0.659548038351609,"A"
"1","Corn-Cotton-Soybean",0.51903073286052,0.0727485670670245,3,0.287512324383383,0.750549141337656,"A"
