"","Cropping.system","response","SE","df","lower.CL","upper.CL",".group"
"2","Corn-Corn-Corn",0.404637096774192,0.0393384053508707,3,0.27944473400956,0.529829459538823,"AB"
"1","Soybean-Soybean-Soybean",0.525349650349649,0.0403743496015776,3,0.396860450631875,0.653838850067422,"A"
"4","Corn-Soybean-Corn",0.303427889314985,0.036677585129027,3,0.186703444034384,0.420152334595585,"B"
"3","Corn-Cotton-Soybean",0.528443574773848,0.0505644270134328,3,0.367525000846161,0.689362148701535,"A"
