"","Cover","response","SE","df","lower.CL","upper.CL",".group"
"5","No cover",0.520174963924963,0.0559359906841203,3,0.342161677039901,0.698188250810026,"A"
"2","Wheat",0.529973845598845,0.0559359906841203,3,0.351960558713783,0.707987132483908,"A"
"4","Clover",0.573705808080808,0.0559359906841203,3,0.395692521195745,0.75171909496587,"A"
"3","Wheat-Clover",0.509145021645021,0.0559359906841203,3,0.331131734759959,0.687158308530084,"A"
"1","SHM",0.543858225108225,0.0559359906841203,3,0.365844938223162,0.721871511993287,"A"
