"","Cropping.system","YearN","response","SE","df","lower.CL","upper.CL",".group"
"2","Corn-Corn-Corn",3,0.652419354838708,0.044161865490833,3,0.511876589172971,0.792962120504445,"A"
"1","Soybean-Soybean-Soybean",3,0.359324009324008,0.0459937637515394,3,0.21295132580683,0.505696692841186,"B"
"4","Corn-Soybean-Corn",3,0.385081585081584,0.039315907649775,3,0.259960820042682,0.510202350120486,"B"
"3","Corn-Cotton-Soybean",3,0.392201834862384,0.0629981956164232,3,0.191713459983357,0.59269020974141,"B"
"6","Corn-Corn-Corn",4,0.156854838709676,0.044161865490833,3,0.0163120730439379,0.297397604375413,"B"
"5","Soybean-Soybean-Soybean",4,0.69137529137529,0.0459937637515393,3,0.545002607858112,0.837747974892468,"A"
"8","Corn-Soybean-Corn",4,0.221774193548385,0.039315907649775,3,0.0966534285094834,0.346894958587287,"B"
"7","Corn-Cotton-Soybean",4,0.664685314685313,0.0629981956164233,3,0.464196939806286,0.865173689564339,"A"
