"","Cropping.system","YearN","response","SE","df","lower.CL","upper.CL",".group"
"2","Corn-Corn-Corn",3,0.584615384615385,0.0801032138800574,3,0.329691207561446,0.839539561669324,"A"
"1","Soybean-Soybean-Soybean",3,0.484,0.0836042278102217,3,0.217934034099263,0.750065965900738,"A"
"4","Corn-Soybean-Corn",3,0.452,0.0853712598850791,3,0.180310549401315,0.723689450598686,"A"
"3","Corn-Cotton-Soybean",3,0.62,0.0887448668044938,3,0.337574226525144,0.902425773474856,"A"
"8","Corn-Corn-Corn",4,0.338461538461539,0.0801032138800574,3,0.0835373614075997,0.593385715515478,"A"
"7","Soybean-Soybean-Soybean",4,0.612,0.0836042278102217,3,0.345934034099263,0.878065965900738,"A"
"6","Corn-Soybean-Corn",4,0.453846153846154,0.0853712598850791,3,0.182156703247469,0.725535604444839,"A"
"5","Corn-Cotton-Soybean",4,0.636,0.0887448668044938,3,0.353574226525144,0.918425773474856,"A"
