"","YearN","response","SE","df","lower.CL","upper.CL",".group","Year"
"2",3,0.53317571628932,0.0518545348593166,3,0.368151443414083,0.698199989164558,"A","2022"
"1",4,0.543600230414746,0.0518545348593166,3,0.378575957539509,0.708624503289983,"A","2023"
