"","Cropping.system","response","SE","df","lower.CL","upper.CL",".group"
"2","Corn-Corn-Corn",0.51013986013986,0.0389746199940662,3,0.386105224739908,0.634174495539813,"A"
"1","Soybean-Soybean-Soybean",0.357679738562091,0.0409477404779162,3,0.227365753168431,0.487993723955752,"A"
"4","Corn-Soybean-Corn",0.475174825174825,0.0345670038451665,3,0.365167191503047,0.585182458846603,"A"
"3","Corn-Cotton-Soybean",0.39798893916541,0.0432839241863082,3,0.260240174560513,0.535737703770307,"A"
