"","YearN","response","SE","df","lower.CL","upper.CL",".group","Year"
"2",3,0.27573546709185,0.0353699678443434,3,0.163172443607616,0.388298490576084,"B","2022"
"1",4,0.554880923597679,0.0353699678443437,3,0.442317900113444,0.667443947081914,"A","2023"
