"","YearN","response","SE","df","lower.CL","upper.CL",".group","Year"
"2",3,0.447256696026671,0.0338590082412783,3,0.339502220348644,0.555011171704698,"A","2022"
"1",4,0.433672409579666,0.0338590082412783,3,0.325917933901639,0.541426885257693,"A","2023"
