"","YearN","response","SE","df","lower.CL","upper.CL",".group","Year"
"2",3,0.403233067132954,0.0575045123250366,3,0.220228044347,0.586238089918908,"A","2022"
"1",4,0.325494684458598,0.0575045123250366,3,0.142489661672644,0.508499707244552,"B","2023"
