"","YearN","response","SE","df","lower.CL","upper.CL",".group","Year"
"2",3,0.338192284407769,0.030221187650621,3,0.242014977427764,0.434369591387773,"B","2022"
"1",4,0.583717026378898,0.030221187650621,3,0.487539719398893,0.679894333358902,"A","2023"
