"","YearN","response","SE","df","lower.CL","upper.CL",".group","Year"
"2",3,0.585833333333333,0.0513300976261891,3,0.422478053793015,0.74918861287365,"A","2022"
"1",4,0.484909812409812,0.0513300976261891,3,0.321554532869494,0.64826509195013,"B","2023"
