"","Cropping.system","response","SE","df","lower.CL","upper.CL",".group"
"2","Corn-Corn-Corn",1.075,0.037821142918307,3,0.954636243458026,1.19536375654197,"A"
"1","Soybean-Soybean-Soybean",1.012,0.037821142918307,3,0.891636243458027,1.13236375654197,"A"
"4","Corn-Soybean-Corn",1.073,0.0378211429183069,3,0.952636243458027,1.19336375654197,"A"
"3","Corn-Cotton-Soybean",1.01916666666667,0.037821142918307,3,0.898802910124693,1.13953042320864,"A"
