"","Cover","response","SE","df","lower.CL","upper.CL",".group"
"5","No cover",1.01395833333333,0.0245087695179525,3,0.935960490333875,1.09195617633279,"A"
"4","Wheat",1.02083333333333,0.0215353556285299,3,0.952298220380348,1.08936844628632,"A"
"3","Clover",1.04479166666667,0.0236557910319644,3,0.969508381898428,1.12007495143491,"A"
"2","Wheat-Clover",1.066875,0.0228326996679285,3,0.994211159302148,1.13953884069785,"A"
"1","SHM",1.0775,0.0244345247483888,3,0.999738436993127,1.15526156300687,"A"
