"","YearN","response","SE","df","lower.CL","upper.CL",".group","Year"
"2",2,1.00075,0.0212849114366426,3,0.933011912240166,1.06848808775983,"B","2021"
"1",3,1.07075,0.0212849114366427,3,1.00301191224017,1.13848808775983,"A","2022"
"3",4,1.062875,0.0212849114366428,3,0.995136912240165,1.13061308775983,"A","2023"
