"","Cropping.system","response","SE","df","lower.CL","upper.CL",".group"
"4","Corn-Corn-Corn",59.0143333333334,2.87496059574683,3,49.8649256075627,68.1637410591042,"A"
"3","Soybean-Soybean-Soybean",65.4383333333334,2.87496059574684,3,56.2889256075626,74.5877410591042,"A"
"2","Corn-Soybean-Corn",62.7503333333334,2.87496059574685,3,53.6009256075626,71.8997410591042,"A"
"1","Corn-Cotton-Soybean",67.1393333333334,2.87496059574683,3,57.9899256075627,76.2887410591042,"A"
