"","Cover","response","SE","df","lower.CL","upper.CL",".group"
"2","No cover",66.0118750000001,2.33167412784764,3,58.5914472867057,73.4323027132944,"A"
"1","Wheat",62.0031250000001,2.15976340613555,3,55.1297939278571,68.8764560721431,"A"
"5","Clover",62.5395833333334,2.38666084065085,3,54.9441633590388,70.135003307628,"A"
"4","Wheat-Clover",63.4627083333334,2.05604572481697,3,56.9194532128953,70.0059634537716,"A"
"3","SHM",63.9106250000001,2.29698100790843,3,56.6006062780751,71.2206437219251,"A"
