"","Cropping.system","response","SE","df","lower.CL","upper.CL",".group"
"2","Corn-Corn-Corn",64.4490346166667,2.90621603481239,3,55.2001581343217,73.6979110990116,"A"
"1","Soybean-Soybean-Soybean",61.62274295,2.90621603481238,3,52.3738664676551,70.8716194323449,"A"
"4","Corn-Soybean-Corn",66.6489096166667,2.90621603481239,3,57.4000331343217,75.8977860990116,"A"
"3","Corn-Cotton-Soybean",58.5693612833333,2.90621603481239,3,49.3204848009884,67.8182377656783,"A"
