"","YearN","response","SE","df","lower.CL","upper.CL",".group","Year"
"3",2,73.21375,1.66628781822012,3,67.9108784893661,78.5166215106339,"A","2021"
"2",3,69.19848125,1.66628781822012,3,63.8956097393661,74.5013527606339,"B","2022"
"1",4,46.0553051,1.66628781822013,3,40.7524335893661,51.3581766106339,"C","2023"
