"","Cover","response","SE","df","lower.CL","upper.CL",".group"
"4","No cover",59.8232783666667,1.98667952617191,3,53.5007774488181,66.1457792845152,"B"
"5","Wheat",62.5095887833333,1.61376445483201,3,57.373870056455,67.6453075102117,"B"
"3","Clover",62.5180033666667,2.10465546980654,3,55.8200503428857,69.2159563904476,"AB"
"1","Wheat-Clover",66.2437012833333,1.65473266902785,3,60.9776034145534,71.5097991521133,"A"
"2","SHM",63.0179887833333,1.86780300217243,3,57.0738060200719,68.9621715465948,"AB"
