"","Cropping.system","response","SE","df","lower.CL","upper.CL",".group"
"3","Corn-Corn-Corn",14.0067512443167,1.37075490630628,3,9.64439735729273,18.3691051313406,"A"
"4","Soybean-Soybean-Soybean",18.9538898783833,1.37075490630628,3,14.5915359913594,23.3162437654073,"A"
"1","Corn-Soybean-Corn",17.4135191188351,1.39153494850975,3,12.9850338632771,21.8420043743931,"A"
"2","Corn-Cotton-Soybean",13.771351434,1.37075490630629,3,9.40899754697604,18.133705321024,"A"
