"","YearN","response","SE","df","lower.CL","upper.CL",".group","Year"
"3",2,10.6064941846125,1.18710840296309,3,6.82858543363138,14.3844029355936,"C","2021"
"2",3,16.08730625,1.18710840296309,3,12.3093974990189,19.8652150009811,"B","2022"
"1",4,21.4153333220389,1.20063072653556,3,17.5943905023657,25.236276141712,"A","2023"
