"","Cropping.system","response","SE","df","lower.CL","upper.CL",".group"
"2","Corn-Corn-Corn",0.572702190806718,0.0684198003635906,3,0.35495984993136,0.790444531682076,"A"
"1","Soybean-Soybean-Soybean",0.568314195373606,0.0684198003635907,3,0.350571854498248,0.786056536248964,"A"
"4","Corn-Soybean-Corn",0.567394385730986,0.0684198003635907,3,0.349652044855628,0.785136726606344,"A"
"3","Corn-Cotton-Soybean",0.661447738333167,0.0684198003635907,3,0.443705397457809,0.879190079208525,"A"
