"","Cover","response","SE","df","lower.CL","upper.CL",".group"
"1","No cover",0.608695333299913,0.0601888394777188,3,0.417147583484733,0.800243083115093,"AB"
"5","Wheat",0.531719973103102,0.0602502806360623,3,0.339976690100559,0.723463256105646,"C"
"4","Clover",0.626520756050428,0.0609034152253831,3,0.432698907287249,0.820342604813608,"AB"
"3","Wheat-Clover",0.566290765637163,0.0601499776217573,3,0.374866691591904,0.757714839682422,"BC"
"2","SHM",0.62909630971499,0.0607953879357724,3,0.435618252000502,0.822574367429478,"A"
