"","YearN","response","SE","df","lower.CL","upper.CL",".group","Year"
"1",2,0.605936396735776,0.0603821702217267,3,0.41377338220863,0.798099411262922,"B","2021"
"3",3,0.430320182906043,0.0603821702217268,3,0.238157168378897,0.622483197433189,"C","2022"
"2",4,0.741137303041539,0.0603821702217267,3,0.548974288514393,0.933300317568685,"A","2023"
